"URL","Source file","Page type","Parent hub","Primary keyword hypothesis","Secondary keyword hypotheses","Search intent","Funnel stage","Conversion role","Geographic intent","Product intent","Condition intent","Seller type","HTML title","Meta description","H1","H2","H3","Visible word count","Main-content word count","Answer-first block","Pricing-factor section","Process section","Ownership/account-lock policy","CTA count","LINE CTA","Phone CTA","FAQ count","Contextual internal links in","Contextual internal links out","Related component links","Article-to-service link","Image count","Unique image count","Shared image count","Image disclosure status","Content similarity group","Intent-match score","Content-quality score","AEO readiness","GEO readiness","Manual-review reason","Recommended action"
"/404","src/pages/404.astro","Error recovery","/","ไม่พบหน้านี้","Error recovery; Error recovery; 404","Error recovery","Support","Recovery","Implicit site-wide Korat","none","none","Individual or business","ไม่พบหน้า | WINNER IT","ไม่พบหน้าเว็บที่คุณต้องการ สามารถกลับหน้าแรกหรือติดต่อ LINE @buyhub ได้","ไม่พบหน้านี้","","","28","28","no","no","no","no","9","5","4","0","0","2","0","n/a","0","0","0","not required","Error recovery:/","5","5","Missing","Strong","","Keep as is"
"/","src/pages/index.astro","Homepage","","รับซื้อสินค้าไอทีโคราช ประเมินเบื้องต้นผ่าน LINE","Local transactional; Homepage; รับซื้อไอทีโคราช","Local transactional","Decision","LINE/phone conversion","Korat/Nakhon Ratchasima","none","none","Individual or business","รับซื้อสินค้าไอทีโคราช ประเมินเบื้องต้นผ่าน LINE | WINNER ITอุปกรณ์ไอทีมือสอง","รับซื้อสินค้าไอทีมือสองในนครราชสีมา ประเมินผ่าน LINE @buyhub นัดรับตามคิวและระยะทาง ราคาสุดท้ายยืนยันหลังตรวจของจริง","รับซื้อสินค้าไอทีโคราช ประเมินเบื้องต้นผ่าน LINE","ประเมินผ่าน LINE | บริการในโคราช | โปร่งใสราคา | บุคคลและองค์กร | หมวดบริการที่สอบถามบ่อย | ข้อมูลที่ควรเตรียมก่อนส่งประเมิน | ขั้นตอนการขายแบบย่อ | ประเภทสินค้าที่ส่งมาประเมินได้ | เหมาะกับลูกค้าทั่วไป | ลูกค้าบริษัทและยกล็อต | ปัจจัยที่ใช้ประเมินราคา | พื้นที่บริการในจังหวัดนครราชสีมา | การดูแลข้อมูลส่วนตัวก่อนขาย | การยืนยันเจ้าของและความปลอดภัย | บทความที่เกี่ยวข้อง | ลิงก์บริการเพิ่มเติม | คำถามที่พบบ่อย | เริ่มขายวันนี้ ส่งรูปมาที่ LINE @buyhub","รับซื้อสินค้าไอที | รับซื้อถึงที่โคราช | ส่งสินค้ามาประเมิน | รับซื้อยกล็อต | iPhone | โน๊ตบุ๊ค | ส่งข้อมูลผ่าน LINE | รับประเมินเบื้องต้น | นัดรับหรือจัดส่ง | ยืนยันราคาสุดท้าย | โทรศัพท์มือถือ | คอมพิวเตอร์ | การ์ดจอ | กล้อง | เครื่องเกม | อุปกรณ์สำนักงาน | โน๊ตบุ๊คเสีย / จอแตก | สินค้าไม่ได้ใช้งาน | นักเรียน นักศึกษา | พนักงานออฟฟิศ | ผู้ประกอบการรายย่อย | โชคชัย | ด่านขุนทด | โนนสูง | บัวใหญ่ | ปักธงชัย | ปากช่อง | SSD และข้อมูลส่วนตัวควรจัดการอย่างไรก่อนขาย | กล่องและอุปกรณ์มีผลต่อราคามือสองหรือไม่ | ข้อควรรู้ก่อนขายกล้องและเลนส์มือสอง | ขายคอมหลายเครื่องควรเตรียมรายการอย่างไร | ขายอุปกรณ์ไอทีของบริษัทต้องเตรียมเอกสารอะไร | เช็กราคาสินค้าไอทีก่อนขายต้องดูอะไรบ้าง","1395","1395","yes","yes","yes","yes","12","7","5","6","2","60","50","n/a","0","0","0","not required","Homepage:root","5","5","Strong","Strong","","Keep as is"
"/ขายคอมหลายเครื่อง-โคราช","src/content/services/ขายคอมหลายเครื่อง-โคราช.md","B2B/bulk","/รับซื้อคอมพิวเตอร์-โคราช","ขายคอมหลายเครื่อง โคราช","B2B/bulk transactional; B2B/bulk; ขายคอมหลายเครื่อง-โคราช","B2B/bulk transactional","Decision","LINE/phone conversion","Korat/Nakhon Ratchasima","none","none","Business/organization","ขายคอมหลายเครื่อง โคราช รับซื้อคอมจำนวนมาก | WINNER ITขายคอมหลายเครื่อง โคราช","WINNER IT รับซื้อคอมหลายเครื่องในโคราช ร้านคอม โรงเรียน ส่งรายการประเมิน ผ่าน LINE @buyhub","ขายคอมหลายเครื่อง โคราช","ขายคอมทีละหลายเครื่อง | รูปแบบรายการ | นัดรับ | เครื่องเสียปน | ราคา | โคราช | เอกสาร | เจ้าของ | ติดต่อ | ขั้นตอนการขายกับ WINNER IT ในโคราช | เรื่องราคาและการประเมินเบื้องต้น | พื้นที่ให้บริการในนครราชสีมา | สินค้าที่ไม่รับและข้อจำกัดด้านความปลอดภัย | การยืนยันเจ้าของและความปลอดภัย | คำถามที่พบบ่อย | พร้อมขายแล้ว ส่งรายละเอียดมาได้เลย","","2116","1808","yes","yes","yes","yes","11","6","5","8","1","0","0","n/a","0","0","0","not required","B2B/bulk:/รับซื้อคอมพิวเตอร์-โคราช","5","5","Strong","Strong","","Keep as is"
"/ขายอุปกรณ์ไอทียกสำนักงาน-โคราช","src/content/services/ขายอุปกรณ์ไอทียกสำนักงาน-โคราช.md","B2B/bulk","/รับซื้อสินค้าไอที","ขายอุปกรณ์ไอทียกสำนักงาน โคราช","B2B/bulk transactional; B2B/bulk; ขายอุปกรณ์ไอทียกสำนักงาน-โคราช","B2B/bulk transactional","Decision","LINE/phone conversion","Korat/Nakhon Ratchasima","none","none","Business/organization","ขายอุปกรณ์ไอทียกสำนักงาน โคราช | WINNER ITขายอุปกรณ์ไอทียกสำนักงาน โคราช","WINNER IT รับซื้ออุปกรณ์ไอทียกสำนักงานในโคราช คอม จอ โทรศัพท์ ปริ้น ประเมินยกชุด ผ่าน LINE @buyhub","ขายอุปกรณ์ไอทียกสำนักงาน โคราช","ยกสำนักงานขาย IT | รายการ asset | data wipe | เอกสาร | ขนส่ง | ราคา | โคราช | เจ้าของ | ติดต่อ | ขั้นตอนการขายกับ WINNER IT ในโคราช | เรื่องราคาและการประเมินเบื้องต้น | พื้นที่ให้บริการในนครราชสีมา | สินค้าที่ไม่รับและข้อจำกัดด้านความปลอดภัย | การยืนยันเจ้าของและความปลอดภัย | คำถามที่พบบ่อย | พร้อมขายแล้ว ส่งรายละเอียดมาได้เลย","","2109","1801","no","yes","yes","yes","11","6","5","8","1","0","0","n/a","0","0","0","not required","B2B/bulk:/รับซื้อสินค้าไอที","4","5","Missing","Strong","ไม่พบคำตอบต้นหน้าที่ชัดเจน","Keep as is"
"/ข้อกำหนดการใช้บริการ","src/pages/ข้อกำหนดการใช้บริการ.astro","Policy","/","ข้อกำหนดการใช้บริการ","Policy; Policy; ข้อกำหนดการใช้บริการ","Policy","Trust","Assisted conversion/trust","Korat/Nakhon Ratchasima","none","none","Individual or business","ข้อกำหนดการใช้บริการ | WINNER IT","ข้อกำหนดการใช้บริการเว็บไซต์รับซื้อไอทีโคราช และเงื่อนไขการประเมินสินค้าของ WINNER IT","ข้อกำหนดการใช้บริการ","ขอบเขตบริการ | ราคาและการยืนยัน | ความถูกต้องของข้อมูล | ช่องทางติดต่อ","","137","120","yes","no","yes","yes","11","6","5","0","0","0","0","n/a","0","0","0","not required","Policy:/","5","5","Adequate","Strong","","Keep as is"
"/คำถามที่พบบ่อย","src/pages/คำถามที่พบบ่อย.astro","FAQ","/","คำถามที่พบบ่อย","Trust/navigation; FAQ; คำถามที่พบบ่อย","Trust/navigation","Trust","Assisted conversion/trust","Korat/Nakhon Ratchasima","none","none","Individual or business","คำถามที่พบบ่อย | WINNER IT","รวมคำถามที่พบบ่อยเกี่ยวกับการประเมิน รับซื้อ นัดรับ และจัดส่งสินค้าไอทีในโคราช","คำถามที่พบบ่อย","","","236","219","yes","no","yes","yes","9","5","4","8","0","0","0","n/a","0","0","0","not required","FAQ:/","5","5","Strong","Strong","","Keep as is"
"/ติดต่อ","src/pages/ติดต่อ.astro","Contact","/","ติดต่อ WINNER IT","Trust/navigation; Contact; ติดต่อ","Trust/navigation","Decision","LINE/phone conversion","Korat/Nakhon Ratchasima","none","none","Individual or business","ติดต่อเรา | WINNER IT รับซื้อไอทีโคราช","ติดต่อ WINNER IT เพื่อประเมินสินค้าไอทีในโคราช ผ่าน LINE @buyhub หรือโทร 095-547-9408","ติดต่อ WINNER IT","LINE Official | โทรศัพท์ | พื้นที่ให้บริการ | ข้อมูลที่ควรส่งมา","","146","133","yes","no","yes","no","12","7","5","0","19","0","0","n/a","0","0","0","not required","Contact:/","5","5","Adequate","Strong","","Keep as is"
"/นโยบายความเป็นส่วนตัว","src/pages/นโยบายความเป็นส่วนตัว.astro","Policy","/","นโยบายความเป็นส่วนตัว","Policy; Policy; นโยบายความเป็นส่วนตัว","Policy","Trust","Assisted conversion/trust","Implicit site-wide Korat","none","none","Individual or business","นโยบายความเป็นส่วนตัว | WINNER IT","นโยบายความเป็นส่วนตัวสำหรับการติดต่อและส่งข้อมูลประเมินสินค้าของ WINNER IT","นโยบายความเป็นส่วนตัว","ข้อมูลที่อาจได้รับ | วัตถุประสงค์การใช้ | การเก็บรักษา | ติดต่อเรื่องข้อมูลส่วนบุคคล","","149","130","yes","yes","yes","yes","11","6","5","0","0","0","0","n/a","0","0","0","not required","Policy:/","5","5","Adequate","Strong","","Keep as is"
"/นโยบายรับซื้อสินค้าและการยืนยันเจ้าของ","src/pages/นโยบายรับซื้อสินค้าและการยืนยันเจ้าของ.astro","Policy","/","นโยบายรับซื้อสินค้าและการยืนยันเจ้าของ","Policy; Policy; นโยบายรับซื้อสินค้าและการยืนยันเจ้าของ","Policy","Trust","Assisted conversion/trust","Implicit site-wide Korat","none","none","Individual or business","นโยบายรับซื้อสินค้าและการยืนยันเจ้าของ | WINNER IT","เงื่อนไขการรับซื้อสินค้าไอที การยืนยันเจ้าของ และรายการที่ไม่รับซื้อของ WINNER IT","นโยบายรับซื้อสินค้าและการยืนยันเจ้าของ","หลักการทั่วไป | ไม่รับซื้อสินค้าในกรณีต่อไปนี้ | เอกสารที่อาจขอเพิ่มในบางกรณี | ติดต่อสอบถาม","","182","161","yes","no","yes","yes","11","6","5","0","20","0","0","n/a","0","0","0","not required","Policy:/","5","5","Adequate","Strong","","Keep as is"
"/บทความ/ssd-และข้อมูลส่วนตัวควรจัดการอย่างไรก่อนขาย","src/content/articles/ssd-และข้อมูลส่วนตัวควรจัดการอย่างไรก่อนขาย.md","Article","/บทความ","SSD และข้อมูลส่วนตัวควรจัดการอย่างไรก่อนขาย","Informational; Article; ssd-และข้อมูลส่วนตัวควรจัดการอย่างไรก่อนขาย","Informational","Awareness/consideration","Assisted conversion/trust","Implicit site-wide Korat","none","none","Individual or business","SSD และข้อมูลส่วนตัวควรจัดการอย่างไรก่อนขาย | WINNER IT","คู่มือจัดการ SSD และข้อมูลส่วนตัวก่อนขายคอมหรือโน๊ตบุ๊ค ครอบคลุมการลบข้อมูล ถอด SSD และ Secure Erase","SSD และข้อมูลส่วนตัวควรจัดการอย่างไรก่อนขาย","ทำไม SSD ต้องจัดการพิเศษ | วิธีลบข้อมูลบน SSD | ทางเลือก: ถอด SSD ออก | กรณีเครื่องเปิดไม่ติด | HDD vs SSD | หลังลบข้อมูลแล้ว | สรุป | หน้าที่เกี่ยวข้อง | อ่านต่อ","Windows — Reset with Clean | macOS — Erase | Secure Erase (ขั้นสูง) | วิธีลบข้อมูลก่อนขายคอมพิวเตอร์ | สินค้าไอทีเปิดไม่ติดยังประเมินราคาได้อย่างไร | เตรียมโน๊ตบุ๊คก่อนขายอย่างไร","444","282","no","yes","yes","no","9","5","4","0","5","2","5","yes","0","0","0","not required","Article:/บทความ","4","5","Missing","Strong","ไม่พบคำตอบต้นหน้าที่ชัดเจน","Keep as is"
"/บทความ/กล่องและอุปกรณ์มีผลต่อราคามือสองหรือไม่","src/content/articles/กล่องและอุปกรณ์มีผลต่อราคามือสองหรือไม่.md","Article","/บทความ","กล่องและอุปกรณ์มีผลต่อราคามือสองหรือไม่","Informational; Article; กล่องและอุปกรณ์มีผลต่อราคามือสองหรือไม่","Informational","Awareness/consideration","Assisted conversion/trust","Implicit site-wide Korat","none","none","Individual or business","กล่องและอุปกรณ์มีผลต่อราคามือสองหรือไม่ | WINNER IT","กล่อง สายชาร์จ หูฟัง และอุปกรณ์แถมมีผลต่อราคามือสองอย่างไร ข้อมูลที่ควรแจ้งเมื่อส่งประเมิน","กล่องและอุปกรณ์มีผลต่อราคามือสองหรือไม่","อุปกรณ์ที่มักมีผลต่อราคา | อุปกรณ์ที่ผลน้อยกว่า | ทำไมอุปกรณ์ครบถึงมีผล | ไม่มีกล่องขายได้ไหม | วิธีแจ้งอุปกรณ์แถมเมื่อส่งประเมิน | สรุป | หน้าที่เกี่ยวข้อง | อ่านต่อ","iPhone / iPad | โน๊ตบุ๊ค | กล้อง | เครื่องเกม | เช็กราคาสินค้าไอทีก่อนขายต้องดูอะไรบ้าง | วิธีถ่ายรูปสินค้าไอทีเพื่อให้ประเมินราคาได้เร็ว | เตรียมโน๊ตบุ๊คก่อนขายอย่างไร","514","336","no","yes","yes","no","9","5","4","0","5","1","6","yes","0","0","0","not required","Article:/บทความ","4","5","Missing","Strong","ไม่พบคำตอบต้นหน้าที่ชัดเจน","Keep as is"
"/บทความ/ขายคอมหลายเครื่องควรเตรียมรายการอย่างไร","src/content/articles/ขายคอมหลายเครื่องควรเตรียมรายการอย่างไร.md","Article","/บทความ","ขายคอมหลายเครื่องควรเตรียมรายการอย่างไร","Informational; Article; ขายคอมหลายเครื่องควรเตรียมรายการอย่างไร","Informational","Awareness/consideration","Assisted conversion/trust","Implicit site-wide Korat","none","none","Individual or business","ขายคอมหลายเครื่องควรเตรียมรายการอย่างไร | WINNER IT","คู่มือเตรียมรายการคอมพิวเตอร์หลายเครื่องก่อนขาย ครอบคลุมการจัดทำรายการ ลบข้อมูล เอกสารบริษัท และการประเมินยกล็อต","ขายคอมหลายเครื่องควรเตรียมรายการอย่างไร","เมื่อไหร่ควรขายแบบยกล็อต | รูปแบบรายการที่แนะนำ | ข้อมูลที่ควรมีในแต่ละรายการ | ขั้นตอนเตรียมแต่ละเครื่อง | กรณีของบริษัท | วิธีส่งข้อมูลประเมิน | การนัดรับหรือจัดส่งยกล็อต | สรุป | หน้าที่เกี่ยวข้อง | อ่านต่อ","วิธีลบข้อมูลก่อนขายคอมพิวเตอร์ | ขายอุปกรณ์ไอทีของบริษัทต้องเตรียมเอกสารอะไร | วิธีถ่ายรูปสินค้าไอทีเพื่อให้ประเมินราคาได้เร็ว","507","356","no","yes","yes","no","9","5","4","0","6","3","6","yes","0","0","0","not required","Article:/บทความ","4","5","Missing","Strong","ไม่พบคำตอบต้นหน้าที่ชัดเจน","Keep as is"
"/บทความ/ขายอุปกรณ์ไอทีของบริษัทต้องเตรียมเอกสารอะไร","src/content/articles/ขายอุปกรณ์ไอทีของบริษัทต้องเตรียมเอกสารอะไร.md","Article","/บทความ","ขายอุปกรณ์ไอทีของบริษัทต้องเตรียมเอกสารอะไร","Informational; Article; ขายอุปกรณ์ไอทีของบริษัทต้องเตรียมเอกสารอะไร","Informational","Awareness/consideration","Assisted conversion/trust","Implicit site-wide Korat","none","none","Individual or business","ขายอุปกรณ์ไอทีของบริษัทต้องเตรียมเอกสารอะไร | WINNER IT","เอกสารที่ต้องเตรียมเมื่อขายอุปกรณ์ไอทีของบริษัท ครอบคลุมหนังสืออนุมัติ การลบข้อมูล และขั้นตอนประเมินยกล็อต","ขายอุปกรณ์ไอทีของบริษัทต้องเตรียมเอกสารอะไร","เอกสารหลักที่ควรมี | เอกสารที่อาจต้องใช้เพิ่ม | ขั้นตอนแนะนำสำหรับบริษัท | บริการที่เกี่ยวข้อง | ข้อควรระวัง | สรุป | หน้าที่เกี่ยวข้อง | อ่านต่อ","1. หนังสืออนุมัติจำหน่าย | 2. รายการสินค้า (Asset List) | 3. หลักฐานการลบข้อมูล | ขายคอมหลายเครื่องควรเตรียมรายการอย่างไร | วิธีลบข้อมูลก่อนขายคอมพิวเตอร์ | SSD และข้อมูลส่วนตัวควรจัดการอย่างไรก่อนขาย","484","328","no","no","yes","no","9","5","4","0","4","4","6","yes","0","0","0","not required","Article:/บทความ","4","5","Missing","Strong","ไม่พบคำตอบต้นหน้าที่ชัดเจน","Keep as is"
"/บทความ/ข้อควรรู้ก่อนขายกล้องและเลนส์มือสอง","src/content/articles/ข้อควรรู้ก่อนขายกล้องและเลนส์มือสอง.md","Article","/บทความ","ข้อควรรู้ก่อนขายกล้องและเลนส์มือสอง","Informational; Article; ข้อควรรู้ก่อนขายกล้องและเลนส์มือสอง","Informational","Awareness/consideration","Assisted conversion/trust","Implicit site-wide Korat","none","none","Individual or business","ข้อควรรู้ก่อนขายกล้องและเลนส์มือสอง | WINNER IT","ข้อควรรู้ก่อนขายกล้องและเลนส์มือสอง ครอบคลุมการเช็กสภาพ จำนวนชัตเตอร์ ลบข้อมูล และวิธีส่งประเมิน","ข้อควรรู้ก่อนขายกล้องและเลนส์มือสอง","ข้อมูลที่ควรเตรียม — กล้อง | ข้อมูลที่ควรเตรียม — เลนส์ | ลบข้อมูลก่อนขาย | อุปกรณ์แถม | ถ่ายรูปก่อนส่งประเมิน | การส่งกล้องและเลนส์ | สรุป | หน้าที่เกี่ยวข้อง | อ่านต่อ","จำนวนชัตเตอร์ (Shutter Count) | สภาพตัวกล้อง | การทำงาน | สภาพแก้ว | สภาพตัวเลนส์ | วิธีถ่ายรูปสินค้าไอทีเพื่อให้ประเมินราคาได้เร็ว | กล่องและอุปกรณ์มีผลต่อราคามือสองหรือไม่ | ส่งโน๊ตบุ๊คหรือโทรศัพท์อย่างไรให้ปลอดภัย","474","316","no","yes","yes","no","9","5","4","0","4","4","6","yes","0","0","0","not required","Article:/บทความ","4","5","Missing","Strong","ไม่พบคำตอบต้นหน้าที่ชัดเจน","Keep as is"
"/บทความ/ปัจจัยที่ทำให้ราคาการ์ดจอมือสองแตกต่างกัน","src/content/articles/ปัจจัยที่ทำให้ราคาการ์ดจอมือสองแตกต่างกัน.md","Article","/บทความ","ปัจจัยที่ทำให้ราคาการ์ดจอมือสองแตกต่างกัน","Informational; Article; ปัจจัยที่ทำให้ราคาการ์ดจอมือสองแตกต่างกัน","Informational","Awareness/consideration","Assisted conversion/trust","Implicit site-wide Korat","none","none","Individual or business","ปัจจัยที่ทำให้ราคาการ์ดจอมือสองแตกต่างกัน | WINNER IT","ปัจจัยที่มีผลต่อราคาการ์ดจอมือสอง ครอบคลุมรุ่น สภาพ การใช้งาน майнинг กล่อง และวิธีส่งประเมิน","ปัจจัยที่ทำให้ราคาการ์ดจอมือสองแตกต่างกัน","ปัจจัยหลัก | ข้อมูลที่ควรส่งประเมิน | ข้อควรระวัง | สรุป | หน้าที่เกี่ยวข้อง | อ่านต่อ","1. รุ่นและชิป | 2. สภาพตัวการ์ด | 3. ประวัติการใช้งาน | 4. อุปกรณ์แถม | 5. ตลาดและอุปสงค์ | เช็กราคาสินค้าไอทีก่อนขายต้องดูอะไรบ้าง | วิธีถ่ายรูปสินค้าไอทีเพื่อให้ประเมินราคาได้เร็ว | กล่องและอุปกรณ์มีผลต่อราคามือสองหรือไม่","437","265","no","yes","yes","no","9","5","4","0","2","2","6","yes","0","0","0","not required","Article:/บทความ","4","5","Missing","Strong","ไม่พบคำตอบต้นหน้าที่ชัดเจน","Keep as is"
"/บทความ/วิธีถ่ายรูปสินค้าไอทีเพื่อให้ประเมินราคาได้เร็ว","src/content/articles/วิธีถ่ายรูปสินค้าไอทีเพื่อให้ประเมินราคาได้เร็ว.md","Article","/บทความ","วิธีถ่ายรูปสินค้าไอทีเพื่อให้ประเมินราคาได้เร็ว","Informational; Article; วิธีถ่ายรูปสินค้าไอทีเพื่อให้ประเมินราคาได้เร็ว","Informational","Awareness/consideration","Assisted conversion/trust","Implicit site-wide Korat","none","none","Individual or business","วิธีถ่ายรูปสินค้าไอทีเพื่อให้ประเมินราคาได้เร็ว | WINNER IT","เทคนิคถ่ายรูปสินค้าไอทีก่อนส่งประเมิน ครอบคลุมมุมที่ต้องถ่าย แสง ความชัด และข้อผิดพลาดที่ควรหลีกเลี่ยง","วิธีถ่ายรูปสินค้าไอทีเพื่อให้ประเมินราคาได้เร็ว","มุมที่ต้องถ่าย (ขั้นต่ำ) | เทคนิคแสงและความชัด | ข้อผิดพลาดที่ควรหลีกเลี่ยง | ข้อมูลที่ควรส่งพร้อมรูป | ส่งรูปผ่าน LINE @buyhub | สรุป | หน้าที่เกี่ยวข้อง | อ่านต่อ","โน๊ตบุ๊ค / คอมพิวเตอร์ | มือถือ / แท็บเล็ต | กล้อง / เครื่องเกม | เช็กราคาสินค้าไอทีก่อนขายต้องดูอะไรบ้าง | เตรียมโน๊ตบุ๊คก่อนขายอย่างไร | กล่องและอุปกรณ์มีผลต่อราคามือสองหรือไม่","537","376","no","yes","yes","no","9","5","4","0","5","3","5","yes","0","0","0","not required","Article:/บทความ","4","5","Missing","Strong","ไม่พบคำตอบต้นหน้าที่ชัดเจน","Keep as is"
"/บทความ/วิธีลบข้อมูลก่อนขายคอมพิวเตอร์","src/content/articles/วิธีลบข้อมูลก่อนขายคอมพิวเตอร์.md","Article","/บทความ","วิธีลบข้อมูลก่อนขายคอมพิวเตอร์","Informational; Article; วิธีลบข้อมูลก่อนขายคอมพิวเตอร์","Informational","Awareness/consideration","Assisted conversion/trust","Implicit site-wide Korat","none","none","Individual or business","วิธีลบข้อมูลก่อนขายคอมพิวเตอร์ | WINNER IT","คู่มือลบข้อมูลส่วนตัวก่อนขายคอมพิวเตอร์ Windows และ Mac ครอบคลุมการสำรองข้อมูล รีเซ็ตเครื่อง และจัดการ SSD","วิธีลบข้อมูลก่อนขายคอมพิวเตอร์","ทำไมต้องลบข้อมูลก่อนขาย | ขั้นตอนก่อนลบข้อมูล | วิธีลบข้อมูล Windows | วิธีลบข้อมูล macOS | การจัดการ SSD และ HDD | กรณีขายคอมหลายเครื่อง | หลังลบข้อมูลแล้ว | สรุป | หน้าที่เกี่ยวข้อง | อ่านต่อ","1. สำรองข้อมูล | 2. ออกจากบัญชี | 3. ถอดอุปกรณ์เสริมส่วนตัว | Windows 10/11 — Reset this PC | ทางเลือก: ใช้ Diskpart (ขั้นสูง) | SSD และข้อมูลส่วนตัวควรจัดการอย่างไรก่อนขาย | เตรียมโน๊ตบุ๊คก่อนขายอย่างไร | ขายคอมหลายเครื่องควรเตรียมรายการอย่างไร","577","414","no","no","yes","yes","9","5","4","0","28","4","6","yes","0","0","0","not required","Article:/บทความ","4","5","Missing","Strong","ไม่พบคำตอบต้นหน้าที่ชัดเจน","Keep as is"
"/บทความ/วิธีออกจาก-icloud-ก่อนขาย-iphone-หรือ-ipad","src/content/articles/วิธีออกจาก-icloud-ก่อนขาย-iphone-หรือ-ipad.md","Article","/บทความ","วิธีออกจาก iCloud ก่อนขาย iPhone หรือ iPad","Informational; Article; วิธีออกจาก-icloud-ก่อนขาย-iphone-หรือ-ipad","Informational","Awareness/consideration","Assisted conversion/trust","Implicit site-wide Korat","none","none","Individual or business","วิธีออกจาก iCloud ก่อนขาย iPhone หรือ iPad | WINNER IT","คู่มือออกจาก iCloud และปิด Find My ก่อนขาย iPhone หรือ iPad ขั้นตอนครบถ้วนเพื่อความปลอดภัยและขายได้ราบรื่น","วิธีออกจาก iCloud ก่อนขาย iPhone หรือ iPad","ทำไมต้องออกจาก iCloud | ขั้นตอนก่อนออกจาก iCloud | วิธีออกจาก iCloud บน iPhone/iPad | ตรวจสอบว่าออกจาก iCloud แล้ว | หลังออกจาก iCloud แล้ว | สรุป | หน้าที่เกี่ยวข้อง | อ่านต่อ","1. สำรองข้อมูล | 2. ถอดซิมการ์ด | 3. ออกจากแอปสำคัญ | วิธีที่ 1: จากเครื่อง (แนะนำ) | วิธีที่ 2: ลบข้อมูลทั้งหมด (Erase All Content) | วิธีที่ 3: จาก icloud.com (กรณีเครื่องเสีย) | วิธีออกจากบัญชี Google ก่อนขายโทรศัพท์ Android | ส่งโน๊ตบุ๊คหรือโทรศัพท์อย่างไรให้ปลอดภัย | เช็กราคาสินค้าไอทีก่อนขายต้องดูอะไรบ้าง","570","406","no","no","yes","yes","9","5","4","0","5","3","6","yes","0","0","0","not required","Article:/บทความ","4","5","Missing","Strong","ไม่พบคำตอบต้นหน้าที่ชัดเจน","Keep as is"
"/บทความ/วิธีออกจากบัญชี-google-ก่อนขายโทรศัพท์-android","src/content/articles/วิธีออกจากบัญชี-google-ก่อนขายโทรศัพท์-android.md","Article","/บทความ","วิธีออกจากบัญชี Google ก่อนขายโทรศัพท์ Android","Informational; Article; วิธีออกจากบัญชี-google-ก่อนขายโทรศัพท์-android","Informational","Awareness/consideration","Assisted conversion/trust","Implicit site-wide Korat","none","none","Individual or business","วิธีออกจากบัญชี Google ก่อนขายโทรศัพท์ Android | WINNER IT","คู่มือออกจากบัญชี Google และรีเซ็ตโทรศัพท์ Android ก่อนขาย ครอบคลุม Samsung OPPO vivo และแบรนด์อื่น","วิธีออกจากบัญชี Google ก่อนขายโทรศัพท์ Android","ทำไมต้องออกจาก Google | ขั้นตอนก่อนออกจาก Google | วิธีออกจากบัญชี Google (ทั่วไป) | วิธีรีเซ็ตเครื่อง | กรณีเครื่อง Samsung | กรณีเครื่องเสีย เปิดไม่ได้ | หลังรีเซ็ตแล้ว | สรุป | หน้าที่เกี่ยวข้อง | อ่านต่อ","1. สำรองข้อมูล | 2. ถอดซิมและ SD Card | 3. ออกจากแอปอื่น | วิธีออกจาก iCloud ก่อนขาย iPhone หรือ iPad | ส่งโน๊ตบุ๊คหรือโทรศัพท์อย่างไรให้ปลอดภัย | เช็กราคาสินค้าไอทีก่อนขายต้องดูอะไรบ้าง","492","326","no","no","yes","yes","9","5","4","0","3","1","6","yes","0","0","0","not required","Article:/บทความ","4","5","Missing","Strong","ไม่พบคำตอบต้นหน้าที่ชัดเจน","Keep as is"
"/บทความ/วิธีเช็กสเปกโน๊ตบุ๊คก่อนส่งประเมิน","src/content/articles/วิธีเช็กสเปกโน๊ตบุ๊คก่อนส่งประเมิน.md","Article","/บทความ","วิธีเช็กสเปกโน๊ตบุ๊คก่อนส่งประเมิน","Informational; Article; วิธีเช็กสเปกโน๊ตบุ๊คก่อนส่งประเมิน","Informational","Awareness/consideration","Assisted conversion/trust","Implicit site-wide Korat","none","none","Individual or business","วิธีเช็กสเปกโน๊ตบุ๊คก่อนส่งประเมิน | WINNER IT","วิธีเช็กสเปกโน๊ตบุ๊ค Windows และ Mac ก่อนส่งประเมินราคา ครอบคลุม CPU RAM SSD การ์ดจอ และข้อมูลที่ควรแจ้งร้านรับซื้อ","วิธีเช็กสเปกโน๊ตบุ๊คก่อนส่งประเมิน","สเปกที่ควรแจ้งเมื่อส่งประเมิน | วิธีเช็กสเปก Windows | วิธีเช็กสเปก Mac | สติกเกอร์ใต้เครื่อง | การ์ดจอแยก vs ออนบอร์ด | SSD vs HDD | หลังเช็กสเปกแล้ว | สรุป | หน้าที่เกี่ยวข้อง | อ่านต่อ","วิธีที่ 1: Settings | วิธีที่ 2: System Information | วิธีที่ 3: Task Manager | วิธีที่ 4: dxdiag | เตรียมโน๊ตบุ๊คก่อนขายอย่างไร | วิธีถ่ายรูปสินค้าไอทีเพื่อให้ประเมินราคาได้เร็ว | เช็กราคาสินค้าไอทีก่อนขายต้องดูอะไรบ้าง","564","403","no","yes","yes","no","9","5","4","0","3","4","5","yes","0","0","0","not required","Article:/บทความ","4","5","Missing","Strong","ไม่พบคำตอบต้นหน้าที่ชัดเจน","Keep as is"
"/บทความ/สินค้าไอทีเปิดไม่ติดยังประเมินราคาได้อย่างไร","src/content/articles/สินค้าไอทีเปิดไม่ติดยังประเมินราคาได้อย่างไร.md","Article","/บทความ","สินค้าไอทีเปิดไม่ติดยังประเมินราคาได้อย่างไร","Informational; Article; สินค้าไอทีเปิดไม่ติดยังประเมินราคาได้อย่างไร","Informational","Awareness/consideration","Assisted conversion/trust","Implicit site-wide Korat","none","none","Individual or business","สินค้าไอทีเปิดไม่ติดยังประเมินราคาได้อย่างไร | WINNER IT","วิธีประเมินราคาสินค้าไอทีที่เปิดไม่ติด ครอบคลุมข้อมูลที่ต้องแจ้ง รูปที่ต้องถ่าย และข้อจำกัดราคาเบื้องต้น","สินค้าไอทีเปิดไม่ติดยังประเมินราคาได้อย่างไร","เครื่องประเภทไหนประเมินได้ | ข้อมูลที่ต้องแจ้ง | ทำไมราคาอาจต่ำกว่าเครื่องปกติ | ข้อมูลส่วนตัวในเครื่องเสีย | วิธีส่งประเมิน | สรุป | หน้าที่เกี่ยวข้อง | อ่านต่อ","1. อาการที่ชัดเจน | 2. รุ่นและสเปก | 3. ประวัติ | 4. รูปภาพ | เช็กราคาสินค้าไอทีก่อนขายต้องดูอะไรบ้าง | วิธีถ่ายรูปสินค้าไอทีเพื่อให้ประเมินราคาได้เร็ว | SSD และข้อมูลส่วนตัวควรจัดการอย่างไรก่อนขาย","489","316","no","yes","yes","no","9","5","4","0","3","3","6","yes","0","0","0","not required","Article:/บทความ","4","5","Missing","Strong","ไม่พบคำตอบต้นหน้าที่ชัดเจน","Keep as is"
"/บทความ/ส่งโน๊ตบุ๊คหรือโทรศัพท์อย่างไรให้ปลอดภัย","src/content/articles/ส่งโน๊ตบุ๊คหรือโทรศัพท์อย่างไรให้ปลอดภัย.md","Article","/บทความ","ส่งโน๊ตบุ๊คหรือโทรศัพท์อย่างไรให้ปลอดภัย","Informational; Article; ส่งโน๊ตบุ๊คหรือโทรศัพท์อย่างไรให้ปลอดภัย","Informational","Awareness/consideration","Assisted conversion/trust","Implicit site-wide Korat","none","none","Individual or business","ส่งโน๊ตบุ๊คหรือโทรศัพท์อย่างไรให้ปลอดภัย | WINNER IT","คู่มือแพ็กและส่งโน๊ตบุ๊ค โทรศัพท์ ให้ปลอดภัย ครอบคลุมการแพ็กกล่อง กันกระแทก ประกัน และขั้นตอนส่งประเมิน","ส่งโน๊ตบุ๊คหรือโทรศัพท์อย่างไรให้ปลอดภัย","ก่อนส่ง: เตรียมเครื่อง | วิธีแพ็กโน๊ตบุ๊ค | วิธีแพ็กโทรศัพท์ | การเลือกขนส่ง | ขั้นตอนการส่งประเมิน | ข้อผิดพลาดที่ควรหลีกเลี่ยง | สรุป | หน้าที่เกี่ยวข้อง | อ่านต่อ","เตรียมโน๊ตบุ๊คก่อนขายอย่างไร | วิธีออกจาก iCloud ก่อนขาย iPhone หรือ iPad | วิธีถ่ายรูปสินค้าไอทีเพื่อให้ประเมินราคาได้เร็ว","516","345","no","no","yes","yes","9","5","4","0","6","2","6","yes","0","0","0","not required","Article:/บทความ","4","5","Missing","Strong","ไม่พบคำตอบต้นหน้าที่ชัดเจน","Keep as is"
"/บทความ/เช็กราคาสินค้าไอทีก่อนขายต้องดูอะไรบ้าง","src/content/articles/เช็กราคาสินค้าไอทีก่อนขายต้องดูอะไรบ้าง.md","Article","/บทความ","เช็กราคาสินค้าไอทีก่อนขายต้องดูอะไรบ้าง","Informational; Article; เช็กราคาสินค้าไอทีก่อนขายต้องดูอะไรบ้าง","Informational","Awareness/consideration","Assisted conversion/trust","Implicit site-wide Korat","none","none","Individual or business","เช็กราคาสินค้าไอทีก่อนขายต้องดูอะไรบ้าง | WINNER IT","คู่มือเช็กราคาสินค้าไอทีก่อนขาย ครอบคลุมปัจจัยที่มีผลต่อราคา วิธีเปรียบเทียบ และข้อควรระวังก่อนตัดสินใจขาย","เช็กราคาสินค้าไอทีก่อนขายต้องดูอะไรบ้าง","ทำไมต้องเช็กราคาก่อนขาย | ปัจจัยหลักที่มีผลต่อราคา | วิธีเช็กราคาเบื้องต้น | ข้อควรระวังเมื่อเช็กราคา | สรุป | หน้าที่เกี่ยวข้อง | อ่านต่อ","1. รุ่นและสเปก | 2. สภาพตัวเครื่อง | 3. อายุการใช้งาน | 4. อุปกรณ์แถม | 5. สถานะการใช้งาน | ดูราคาตลาดมือสอง | ส่งข้อมูลให้ร้านรับซื้อประเมิน | เตรียมข้อมูลให้ครบ | วิธีถ่ายรูปสินค้าไอทีเพื่อให้ประเมินราคาได้เร็ว | กล่องและอุปกรณ์มีผลต่อราคามือสองหรือไม่","784","639","no","yes","yes","no","9","5","4","0","3","4","6","yes","0","0","0","not required","Article:/บทความ","4","5","Missing","Strong","ไม่พบคำตอบต้นหน้าที่ชัดเจน","Keep as is"
"/บทความ/เตรียมโน๊ตบุ๊คก่อนขายอย่างไร","src/content/articles/เตรียมโน๊ตบุ๊คก่อนขายอย่างไร.md","Article","/บทความ","เตรียมโน๊ตบุ๊คก่อนขายอย่างไร","Informational; Article; เตรียมโน๊ตบุ๊คก่อนขายอย่างไร","Informational","Awareness/consideration","Assisted conversion/trust","Implicit site-wide Korat","none","none","Individual or business","เตรียมโน๊ตบุ๊คก่อนขายอย่างไร | WINNER IT","คู่มือเตรียมโน๊ตบุ๊คก่อนขาย ครอบคลุมการสำรองข้อมูล ลบบัญชี ถ่ายรูป รวบรวมอุปกรณ์ และสิ่งที่ควรแจ้งร้านรับซื้อ","เตรียมโน๊ตบุ๊คก่อนขายอย่างไร","ขั้นตอนที่ 1: สำรองข้อมูลสำคัญ | ขั้นตอนที่ 2: ลบข้อมูลและรีเซ็ตเครื่อง | ขั้นตอนที่ 3: เช็กสเปกและสภาพ | ขั้นตอนที่ 4: ถ่ายรูปให้ครบ | ขั้นตอนที่ 5: รวบรวมอุปกรณ์แถม | ขั้นตอนที่ 6: ชาร์จแบตและทดสอบเปิดเครื่อง | ขั้นตอนที่ 7: ส่งข้อมูลประเมิน | สิ่งที่ควรแจ้งตั้งแต่แรก | สรุป | หน้าที่เกี่ยวข้อง | อ่านต่อ","Windows | macOS | วิธีลบข้อมูลก่อนขายคอมพิวเตอร์ | วิธีเช็กสเปกโน๊ตบุ๊คก่อนส่งประเมิน | ส่งโน๊ตบุ๊คหรือโทรศัพท์อย่างไรให้ปลอดภัย","635","483","no","yes","yes","yes","9","5","4","0","6","4","6","yes","0","0","0","not required","Article:/บทความ","4","5","Missing","Strong","ไม่พบคำตอบต้นหน้าที่ชัดเจน","Keep as is"
"/บทความ","src/pages/บทความ/index.astro","Article hub","/","บทความแนะนำก่อนขายสินค้าไอที","Informational; Article hub; บทความ","Informational","Decision","LINE/phone conversion","Korat/Nakhon Ratchasima","none","none","Individual or business","บทความแนะนำก่อนขายสินค้าไอที | WINNER IT","รวมบทความวิธีเตรียมขายโน๊ตบุ๊ค โทรศัพท์ คอม และอุปกรณ์ไอทีในโคราช อ่านก่อนส่งประเมินผ่าน LINE @buyhub","บทความแนะนำก่อนขายสินค้าไอที","SSD และข้อมูลส่วนตัวควรจัดการอย่างไรก่อนขาย | กล่องและอุปกรณ์มีผลต่อราคามือสองหรือไม่ | ข้อควรรู้ก่อนขายกล้องและเลนส์มือสอง | ขายคอมหลายเครื่องควรเตรียมรายการอย่างไร | ขายอุปกรณ์ไอทีของบริษัทต้องเตรียมเอกสารอะไร | เช็กราคาสินค้าไอทีก่อนขายต้องดูอะไรบ้าง | เตรียมโน๊ตบุ๊คก่อนขายอย่างไร | ปัจจัยที่ทำให้ราคาการ์ดจอมือสองแตกต่างกัน | วิธีเช็กสเปกโน๊ตบุ๊คก่อนส่งประเมิน | วิธีถ่ายรูปสินค้าไอทีเพื่อให้ประเมินราคาได้เร็ว | วิธีลบข้อมูลก่อนขายคอมพิวเตอร์ | วิธีออกจาก iCloud ก่อนขาย iPhone หรือ iPad | วิธีออกจากบัญชี Google ก่อนขายโทรศัพท์ Android | ส่งโน๊ตบุ๊คหรือโทรศัพท์อย่างไรให้ปลอดภัย | สินค้าไอทีเปิดไม่ติดยังประเมินราคาได้อย่างไร","","525","525","yes","yes","yes","yes","8","4","4","0","0","16","0","n/a","0","0","0","not required","Article hub:/","5","5","Adequate","Strong","","Keep as is"
"/บริการรับซื้อถึงที่โคราช","src/content/services/บริการรับซื้อถึงที่โคราช.md","Seller journey","/รับซื้อสินค้าไอที","บริการรับซื้อถึงที่ โคราช","Seller journey; Seller journey; บริการรับซื้อถึงที่โคราช","Seller journey","Decision","LINE/phone conversion","Korat/Nakhon Ratchasima","none","none","Individual or business","บริการรับซื้อถึงที่ โคราช นัดรับสินค้าไอที | WINNER ITบริการรับซื้อถึงที่ โคราช","WINNER IT บริการรับซื้อถึงที่ในโคราช นัดหมายล่วงหน้า ตรวจสินค้าหน้างาน ผ่าน LINE @buyhub","บริการรับซื้อถึงที่ โคราช","รับซื้อถึงที่โดยนัดหมาย | เหมาะกับใคร | ขั้นตอน | พื้นที่ | ความปลอดภัย | ราคา | จำนวนมาก | ติดต่อ | ข้อจำกัด | ทางเลือกอื่น | ขั้นตอนการขายกับ WINNER IT ในโคราช | เรื่องราคาและการประเมินเบื้องต้น | พื้นที่ให้บริการในนครราชสีมา | สินค้าที่ไม่รับและข้อจำกัดด้านความปลอดภัย | เตรียมก่อนทีมถึง | การยืนยันเจ้าของและความปลอดภัย | คำถามที่พบบ่อย | พร้อมขายแล้ว ส่งรายละเอียดมาได้เลย","","2189","1860","yes","yes","yes","yes","11","6","5","8","31","0","0","n/a","0","0","0","not required","Seller journey:/รับซื้อสินค้าไอที","5","5","Strong","Strong","","Keep as is"
"/บริษัทปิดกิจการขายอุปกรณ์ไอที","src/content/services/บริษัทปิดกิจการขายอุปกรณ์ไอที.md","B2B/bulk","/รับซื้อสินค้าไอที","บริษัทปิดกิจการขายอุปกรณ์ไอที","B2B/bulk transactional; B2B/bulk; บริษัทปิดกิจการขายอุปกรณ์ไอที","B2B/bulk transactional","Decision","LINE/phone conversion","Korat/Nakhon Ratchasima","none","none","Business/organization","บริษัทปิดกิจการขายอุปกรณ์ไอที โคราช | WINNER ITบริษัทปิดกิจการขายอุปกรณ์ไอที","WINNER IT รับซื้ออุปกรณ์ IT เมื่อบริษัทปิดกิจการในโคราช asset list เอกสาร นัดรับ ผ่าน LINE @buyhub","บริษัทปิดกิจการขายอุปกรณ์ไอที","ปิดกิจการและขาย IT | asset list | ข้อมูล | เอกสาร | นัดรับ | ราคา | เจ้าของ | ติดต่อ | พื้นที่ | ความโปร่งใส | ขั้นตอนการขายกับ WINNER IT ในโคราช | เรื่องราคาและการประเมินเบื้องต้น | พื้นที่ให้บริการในนครราชสีมา | สินค้าที่ไม่รับและข้อจำกัดด้านความปลอดภัย | การยืนยันเจ้าของและความปลอดภัย | คำถามที่พบบ่อย | พร้อมขายแล้ว ส่งรายละเอียดมาได้เลย","","2144","1811","yes","yes","yes","yes","11","6","5","8","1","0","0","n/a","0","0","0","not required","B2B/bulk:/รับซื้อสินค้าไอที","5","5","Strong","Strong","","Keep as is"
"/พื้นที่/ด่านขุนทด","src/content/areas/ด่านขุนทด.md","Location","/พื้นที่/เมืองนครราชสีมา","รับซื้อไอทีอำเภอด่านขุนทด","Location appointment; Location; ด่านขุนทด","Location appointment","Decision","LINE/phone conversion","รับซื้อไอทีอำเภอด่านขุนทด","none","none","Local seller","รับซื้อไอทีด่านขุนทด อำเภอด่านขุนทด | WINNER IT","รับซื้อโน๊ตบุ๊ค iPhone คอมพิวเตอร์ในอำเภอด่านขุนทด พื้นที่ที่อยู่อาศัยผสมผสานทางตะวันตกของโคราช เริ่มผ่าน LINE @buyhub","รับซื้อไอทีอำเภอด่านขุนทด","กลุ่มลูกค้าที่พบบ่อยในอำเภอด่านขุนทด | สินค้าไอทีที่รับซื้อบ่อยในด่านขุนทด | เริ่มต้นผ่าน LINE @buyhub | การนัดรับตามระยะทางและคิว | ทางเลือกจัดส่งสินค้ามาประเมิน | เตรียมสินค้าก่อนส่งมอบ | การลบข้อมูลส่วนตัว | บริการที่เกี่ยวข้อง | คำถามที่พบบ่อย | บริการที่เกี่ยวข้อง","","654","371","yes","no","yes","yes","11","6","5","7","1","7","6","n/a","0","0","0","not required","Location:/พื้นที่/เมืองนครราชสีมา","5","3","Strong","Strong","เนื้อหา location ใช้โครงร่วมสูงและยังไม่มีหลักฐานการปฏิบัติงานเฉพาะพื้นที่","Requires GSC; เพิ่มเฉพาะหลักฐานโลจิสติกส์จริงหลังธุรกิจยืนยัน"
"/พื้นที่/บัวใหญ่","src/content/areas/บัวใหญ่.md","Location","/พื้นที่/เมืองนครราชสีมา","รับซื้อไอทีอำเภอบัวใหญ่","Location appointment; Location; บัวใหญ่","Location appointment","Decision","LINE/phone conversion","รับซื้อไอทีอำเภอบัวใหญ่","none","none","Local seller","รับซื้อไอทีบัวใหญ่ อำเภอบัวใหญ่ | WINNER IT","รับซื้อโน๊ตบุ๊ค คอมพิวเตอร์ อุปกรณ์สำนักงานในอำเภอบัวใหญ่ พื้นที่โลจิสติกส์ทางตอนเหนือของโคราช เริ่มผ่าน LINE @buyhub","รับซื้อไอทีอำเภอบัวใหญ่","กลุ่มลูกค้าที่พบบ่อยในอำเภอบัวใหญ่ | สินค้าไอทีที่รับซื้อบ่อยในบัวใหญ่ | เริ่มต้นผ่าน LINE @buyhub | การนัดรับตามระยะทางและคิว | ทางเลือกจัดส่งสินค้ามาประเมิน | เตรียมสินค้าก่อนส่งมอบ | การลบข้อมูลส่วนตัว | บริการที่เกี่ยวข้อง | คำถามที่พบบ่อย | บริการที่เกี่ยวข้อง","","661","375","yes","no","yes","no","11","6","5","7","1","7","6","n/a","0","0","0","not required","Location:/พื้นที่/เมืองนครราชสีมา","5","3","Strong","Strong","เนื้อหา location ใช้โครงร่วมสูงและยังไม่มีหลักฐานการปฏิบัติงานเฉพาะพื้นที่","Requires GSC; เพิ่มเฉพาะหลักฐานโลจิสติกส์จริงหลังธุรกิจยืนยัน"
"/พื้นที่/ปักธงชัย","src/content/areas/ปักธงชัย.md","Location","/พื้นที่/เมืองนครราชสีมา","รับซื้อไอทีอำเภอปักธงชัย","Location appointment; Location; ปักธงชัย","Location appointment","Decision","LINE/phone conversion","รับซื้อไอทีอำเภอปักธงชัย","none","none","Local seller","รับซื้อไอทีปักธงชัย อำเภอปักธงชัย | WINNER IT","รับซื้อโน๊ตบุ๊ค คอมพิวเตอร์ อุปกรณ์ไอทีในอำเภอปักธงชัย พื้นที่ผ้าไหมและธุรกิจท่องเที่ยวเชิงวัฒนธรรม เริ่มผ่าน LINE @buyhub","รับซื้อไอทีอำเภอปักธงชัย","กลุ่มลูกค้าที่พบบ่อยในอำเภอปักธงชัย | สินค้าไอทีที่รับซื้อบ่อยในปักธงชัย | เริ่มต้นผ่าน LINE @buyhub | การนัดรับตามระยะทางและคิว | ทางเลือกจัดส่งสินค้ามาประเมิน | เตรียมสินค้าก่อนส่งมอบ | การลบข้อมูลส่วนตัว | บริการที่เกี่ยวข้อง | คำถามที่พบบ่อย | บริการที่เกี่ยวข้อง","","754","459","yes","no","yes","no","11","6","5","7","1","8","6","n/a","0","0","0","not required","Location:/พื้นที่/เมืองนครราชสีมา","5","3","Strong","Strong","เนื้อหา location ใช้โครงร่วมสูงและยังไม่มีหลักฐานการปฏิบัติงานเฉพาะพื้นที่","Requires GSC; เพิ่มเฉพาะหลักฐานโลจิสติกส์จริงหลังธุรกิจยืนยัน"
"/พื้นที่/ปากช่อง","src/content/areas/ปากช่อง.md","Location","/พื้นที่/เมืองนครราชสีมา","รับซื้อไอทีอำเภอปากช่อง","Location appointment; Location; ปากช่อง","Location appointment","Decision","LINE/phone conversion","รับซื้อไอทีอำเภอปากช่อง","none","none","Local seller","รับซื้อไอทีปากช่อง อำเภอปากช่อง | WINNER IT","รับซื้อโน๊ตบุ๊ค iPhone อุปกรณ์ไอทีในอำเภอปากช่อง บ้านพักตากอากาศ วิลล่า และพื้นที่ใกล้เขาใหญ่ เริ่มประเมินผ่าน LINE @buyhub","รับซื้อไอทีอำเภอปากช่อง","กลุ่มลูกค้าที่พบบ่อยในอำเภอปากช่อง | สินค้าไอทีที่รับซื้อบ่อยในปากช่อง | เริ่มต้นผ่าน LINE @buyhub | การนัดรับตามระยะทางและคิว | ทางเลือกจัดส่งสินค้ามาประเมิน | เตรียมสินค้าก่อนส่งมอบ | การลบข้อมูลส่วนตัว | บริการที่เกี่ยวข้อง | คำถามที่พบบ่อย | บริการที่เกี่ยวข้อง","","1029","643","yes","no","yes","yes","11","6","5","7","1","6","6","n/a","0","0","0","not required","Location:/พื้นที่/เมืองนครราชสีมา","5","3","Strong","Strong","เนื้อหา location ใช้โครงร่วมสูงและยังไม่มีหลักฐานการปฏิบัติงานเฉพาะพื้นที่","Requires GSC; เพิ่มเฉพาะหลักฐานโลจิสติกส์จริงหลังธุรกิจยืนยัน"
"/พื้นที่/พิมาย","src/content/areas/พิมาย.md","Location","/พื้นที่/เมืองนครราชสีมา","รับซื้อไอทีอำเภอพิมาย","Location appointment; Location; พิมาย","Location appointment","Decision","LINE/phone conversion","รับซื้อไอทีอำเภอพิมาย","none","none","Local seller","รับซื้อไอทีพิมาย อำเภอพิมาย | WINNER IT","รับซื้อโน๊ตบุ๊ค iPhone กล้อง อุปกรณ์ไอทีในอำเภอพิมาย พื้นที่ท่องเที่ยวประวัติศาสตร์และร้านค้าท้องถิ่น เริ่มผ่าน LINE @buyhub","รับซื้อไอทีอำเภอพิมาย","กลุ่มลูกค้าที่พบบ่อยในอำเภอพิมาย | สินค้าไอทีที่รับซื้อบ่อยในพิมาย | เริ่มต้นผ่าน LINE @buyhub | การนัดรับตามระยะทางและคิว | ทางเลือกจัดส่งสินค้ามาประเมิน | เตรียมสินค้าก่อนส่งมอบ | การลบข้อมูลส่วนตัว | บริการที่เกี่ยวข้อง | คำถามที่พบบ่อย | บริการที่เกี่ยวข้อง","","683","386","yes","no","yes","no","11","6","5","7","1","6","6","n/a","0","0","0","not required","Location:/พื้นที่/เมืองนครราชสีมา","5","3","Strong","Strong","เนื้อหา location ใช้โครงร่วมสูงและยังไม่มีหลักฐานการปฏิบัติงานเฉพาะพื้นที่","Requires GSC; เพิ่มเฉพาะหลักฐานโลจิสติกส์จริงหลังธุรกิจยืนยัน"
"/พื้นที่/มหาวิทยาลัยเทคโนโลยีสุรนารี","src/content/areas/มหาวิทยาลัยเทคโนโลยีสุรนารี.md","Location","/พื้นที่/เมืองนครราชสีมา","รับซื้อไอที มทส. มหาวิทยาลัยเทคโนโลยีสุรนารี","Location appointment; Location; มหาวิทยาลัยเทคโนโลยีสุรนารี","Location appointment","Decision","LINE/phone conversion","รับซื้อไอที มทส. มหาวิทยาลัยเทคโนโลยีสุรนารี","none","none","Local seller","รับซื้อไอที มทส. มหาวิทยาลัยเทคโนโลยีสุรนารี | WINNER IT","รับซื้อโน๊ตบุ๊ค iPhone แท็บเล็ตสำหรับนักศึกษาและบุคลากร มทส. เริ่มประเมินผ่าน LINE @buyhub นัดรับตามคิวหรือจัดส่ง","รับซื้อไอที มทส. มหาวิทยาลัยเทคโนโลยีสุรนารี","กลุ่มลูกค้าที่พบบ่อยใกล้ มทส. | สินค้าไอทีที่รับซื้อบ่อยใกล้ มทส. | เริ่มต้นผ่าน LINE @buyhub | การนัดรับตามระยะทางและคิว | ทางเลือกจัดส่งสินค้ามาประเมิน | เตรียมสินค้าก่อนส่งมอบ | การลบข้อมูลส่วนตัว | บริการที่เกี่ยวข้อง | คำถามที่พบบ่อย | บริการที่เกี่ยวข้อง","","852","495","yes","no","yes","yes","11","6","5","8","1","9","6","n/a","0","0","0","not required","Location:/พื้นที่/เมืองนครราชสีมา","5","3","Strong","Strong","เนื้อหา location ใช้โครงร่วมสูงและยังไม่มีหลักฐานการปฏิบัติงานเฉพาะพื้นที่","Requires GSC; เพิ่มเฉพาะหลักฐานโลจิสติกส์จริงหลังธุรกิจยืนยัน"
"/พื้นที่/สีคิ้ว","src/content/areas/สีคิ้ว.md","Location","/พื้นที่/เมืองนครราชสีมา","รับซื้อไอทีอำเภอสีคิ้ว","Location appointment; Location; สีคิ้ว","Location appointment","Decision","LINE/phone conversion","รับซื้อไอทีอำเภอสีคิ้ว","none","none","Local seller","รับซื้อไอทีสีคิ้ว อำเภอสีคิ้ว | WINNER IT","รับซื้อโน๊ตบุ๊ค คอมพิวเตอร์ อุปกรณ์สำนักงานในอำเภอสีคิ้ว พื้นที่โลจิสติกส์และคลังสินค้าระหว่างโคราช-กรุงเทพ เริ่มผ่าน LINE @buyhub","รับซื้อไอทีอำเภอสีคิ้ว","กลุ่มลูกค้าที่พบบ่อยในอำเภอสีคิ้ว | สินค้าไอทีที่รับซื้อบ่อยในสีคิ้ว | เริ่มต้นผ่าน LINE @buyhub | การนัดรับตามระยะทางและคิว | ทางเลือกจัดส่งสินค้ามาประเมิน | เตรียมสินค้าก่อนส่งมอบ | การลบข้อมูลส่วนตัว | บริการที่เกี่ยวข้อง | คำถามที่พบบ่อย | บริการที่เกี่ยวข้อง","","868","516","yes","no","yes","no","11","6","5","7","1","8","6","n/a","0","0","0","not required","Location:/พื้นที่/เมืองนครราชสีมา","5","3","Strong","Strong","เนื้อหา location ใช้โครงร่วมสูงและยังไม่มีหลักฐานการปฏิบัติงานเฉพาะพื้นที่","Requires GSC; เพิ่มเฉพาะหลักฐานโลจิสติกส์จริงหลังธุรกิจยืนยัน"
"/พื้นที่/สูงเนิน","src/content/areas/สูงเนิน.md","Location","/พื้นที่/เมืองนครราชสีมา","รับซื้อไอทีอำเภอสูงเนิน","Location appointment; Location; สูงเนิน","Location appointment","Decision","LINE/phone conversion","รับซื้อไอทีอำเภอสูงเนิน","none","none","Local seller","รับซื้อไอทีสูงเนิน อำเภอสูงเนิน | WINNER IT","รับซื้อโน๊ตบุ๊ค iPhone คอมพิวเตอร์ในอำเภอสูงเนิน พื้นที่ที่อยู่อาศัยชานเมืองระหว่างโคราชและเส้นทางปากช่อง เริ่มผ่าน LINE @buyhub","รับซื้อไอทีอำเภอสูงเนิน","กลุ่มลูกค้าที่พบบ่อยในอำเภอสูงเนิน | สินค้าไอทีที่รับซื้อบ่อยในสูงเนิน | เริ่มต้นผ่าน LINE @buyhub | การนัดรับตามระยะทางและคิว | ทางเลือกจัดส่งสินค้ามาประเมิน | เตรียมสินค้าก่อนส่งมอบ | การลบข้อมูลส่วนตัว | บริการที่เกี่ยวข้อง | คำถามที่พบบ่อย | บริการที่เกี่ยวข้อง","","841","529","yes","no","yes","yes","11","6","5","7","1","7","6","n/a","0","0","0","not required","Location:/พื้นที่/เมืองนครราชสีมา","5","3","Strong","Strong","เนื้อหา location ใช้โครงร่วมสูงและยังไม่มีหลักฐานการปฏิบัติงานเฉพาะพื้นที่","Requires GSC; เพิ่มเฉพาะหลักฐานโลจิสติกส์จริงหลังธุรกิจยืนยัน"
"/พื้นที่/เมืองนครราชสีมา","src/content/areas/เมืองนครราชสีมา.md","Location","/พื้นที่/เมืองนครราชสีมา","รับซื้อไอทีเขตเมืองนครราชสีมา","Location appointment; Location; เมืองนครราชสีมา","Location appointment","Decision","LINE/phone conversion","รับซื้อไอทีเขตเมืองนครราชสีมา","none","none","Local seller","รับซื้อไอทีเมืองนครราชสีมา | WINNER IT","รับซื้อโน๊ตบุ๊ค iPhone คอมพิวเตอร์ในเขตเมืองนครราชสีมา สำหรับพนักงานออฟฟิศ นักศึกษา และร้านค้า เริ่มประเมินผ่าน LINE @buyhub นัดรับตามคิวและระยะทาง","รับซื้อไอทีเขตเมืองนครราชสีมา","กลุ่มลูกค้าที่พบบ่อยในเขตเมืองโคราช | สินค้าไอทีที่รับซื้อบ่อยในเขตเมือง | เริ่มต้นผ่าน LINE @buyhub | การนัดรับตามระยะทางและคิว | ทางเลือกจัดส่งสินค้ามาประเมิน | เตรียมสินค้าก่อนนัดรับหรือส่ง | การลบข้อมูลส่วนตัวก่อนขาย | บริการที่เกี่ยวข้องสำหรับลูกค้าในเขตเมือง | คำถามที่พบบ่อย | บริการที่เกี่ยวข้อง","","1280","864","yes","no","yes","yes","11","6","5","7","20","10","6","n/a","0","0","0","not required","Location:/พื้นที่/เมืองนครราชสีมา","5","3","Strong","Strong","เนื้อหา location ใช้โครงร่วมสูงและยังไม่มีหลักฐานการปฏิบัติงานเฉพาะพื้นที่","Requires GSC; เพิ่มเฉพาะหลักฐานโลจิสติกส์จริงหลังธุรกิจยืนยัน"
"/พื้นที่/โชคชัย","src/content/areas/โชคชัย.md","Location","/พื้นที่/เมืองนครราชสีมา","รับซื้อไอทีอำเภอโชคชัย","Location appointment; Location; โชคชัย","Location appointment","Decision","LINE/phone conversion","รับซื้อไอทีอำเภอโชคชัย","none","none","Local seller","รับซื้อไอทีโชคชัย อำเภอโชคชัย | WINNER IT","รับซื้อโน๊ตบุ๊ค คอมพิวเตอร์ อุปกรณ์สำนักงานในอำเภอโชคชัย พื้นที่เกษตรกรรมและสำนักงานฟาร์ม เริ่มผ่าน LINE @buyhub","รับซื้อไอทีอำเภอโชคชัย","กลุ่มลูกค้าที่พบบ่อยในอำเภอโชคชัย | สินค้าไอทีที่รับซื้อบ่อยในโชคชัย | เริ่มต้นผ่าน LINE @buyhub | การนัดรับตามระยะทางและคิว | ทางเลือกจัดส่งสินค้ามาประเมิน | เตรียมสินค้าก่อนส่งมอบ | การลบข้อมูลส่วนตัว | บริการที่เกี่ยวข้อง | คำถามที่พบบ่อย | บริการที่เกี่ยวข้อง","","694","408","yes","no","yes","no","11","6","5","7","1","7","6","n/a","0","0","0","not required","Location:/พื้นที่/เมืองนครราชสีมา","5","3","Strong","Strong","เนื้อหา location ใช้โครงร่วมสูงและยังไม่มีหลักฐานการปฏิบัติงานเฉพาะพื้นที่","Requires GSC; เพิ่มเฉพาะหลักฐานโลจิสติกส์จริงหลังธุรกิจยืนยัน"
"/พื้นที่/โนนสูง","src/content/areas/โนนสูง.md","Location","/พื้นที่/เมืองนครราชสีมา","รับซื้อไอทีอำเภอโนนสูง","Location appointment; Location; โนนสูง","Location appointment","Decision","LINE/phone conversion","รับซื้อไอทีอำเภอโนนสูง","none","none","Local seller","รับซื้อไอทีโนนสูง อำเภอโนนสูง | WINNER IT","รับซื้อโน๊ตบุ๊ค iPhone คอมพิวเตอร์ในอำเภอโนนสูง พื้นที่ที่อยู่อาศัยชุมชนทางตะวันออกของโคราช เริ่มผ่าน LINE @buyhub","รับซื้อไอทีอำเภอโนนสูง","กลุ่มลูกค้าที่พบบ่อยในอำเภอโนนสูง | สินค้าไอทีที่รับซื้อบ่อยในโนนสูง | เริ่มต้นผ่าน LINE @buyhub | การนัดรับตามระยะทางและคิว | ทางเลือกจัดส่งสินค้ามาประเมิน | เตรียมสินค้าก่อนส่งมอบ | การลบข้อมูลส่วนตัว | บริการที่เกี่ยวข้อง | คำถามที่พบบ่อย | บริการที่เกี่ยวข้อง","","635","358","yes","no","yes","yes","11","6","5","7","1","6","6","n/a","0","0","0","not required","Location:/พื้นที่/เมืองนครราชสีมา","5","3","Strong","Strong","เนื้อหา location ใช้โครงร่วมสูงและยังไม่มีหลักฐานการปฏิบัติงานเฉพาะพื้นที่","Requires GSC; เพิ่มเฉพาะหลักฐานโลจิสติกส์จริงหลังธุรกิจยืนยัน"
"/รับซื้อ-apple-watch-โคราช","src/content/services/รับซื้อ-apple-watch-โคราช.md","Product service","/รับซื้อสินค้าไอที","รับซื้อ Apple Watch โคราช ประเมินผ่าน LINE นัดรับตามสะดวก","Brand transactional; Product service; รับซื้อ-apple-watch-โคราช","Brand transactional","Decision","LINE/phone conversion","Korat/Nakhon Ratchasima","รับซื้อ Apple Watch โคราช ประเมินผ่าน LINE นัดรับตามสะดวก","none","Individual or business","รับซื้อ Apple Watch โคราช | ประเมินผ่าน LINE นัดรับตามสะดวก | WINNER ITรับซื้อ Apple Watch โคราช ประเมินผ่าน LINE นัดรับตามสะดวก","รับซื้อ Apple Watch มือสองในโคราช ตรวจสภาพจอ แบตเตอรี่ และ Activation Lock ก่อนสรุปราคา เริ่มผ่าน LINE @buyhub","รับซื้อ Apple Watch โคราช ประเมินผ่าน LINE นัดรับตามสะดวก","ตอบคำถามก่อน: ขาย Apple Watch ในโคราชทำอย่างไร | รุ่นและสินค้าที่รับประเมิน | กลุ่มผู้ขายที่เราให้บริการบ่อย | ปัจจัยที่ส่งผลต่อราคาประเมิน | สภาพและประวัติที่ควรแจ้งตรงไปตรงมา | สิ่งที่ควรเตรียมก่อนส่งข้อมูล | ขั้นตอนประเมินผ่าน LINE @buyhub | การนัดรับและการส่งสินค้า | การลบข้อมูลและความเป็นส่วนตัว | การยืนยันเจ้าของและเอกสาร | สินค้าที่ไม่รับและข้อจำกัดด้านความปลอดภัย | ตัวอย่างสถานการณ์ที่พบบ่อย (ไม่ใช่รีวิวลูกค้า) | เคล็ดลับก่อนขายเพื่อให้ประเมินราบรื่น | ขั้นตอนการขาย Apple Watchกับ WINNER IT ในโคราช | เรื่องราคาและการประเมินเบื้องต้น | พื้นที่ให้บริการในนครราชสีมา | ลิงก์ที่เกี่ยวข้องภายในเว็บไซต์ | การยืนยันเจ้าของและความปลอดภัย | คำถามที่พบบ่อย | บริการที่เกี่ยวข้อง | พร้อมขายแล้ว ส่งรายละเอียดมาได้เลย","","2577","1988","yes","yes","yes","yes","11","6","5","10","1","13","5","n/a","0","0","0","not required","Product service:/รับซื้อสินค้าไอที","5","5","Strong","Strong","","Keep as is"
"/รับซื้อ-cpu-โคราช","src/content/services/รับซื้อ-cpu-โคราช.md","Product service","/รับซื้อคอมพิวเตอร์-โคราช","รับซื้อ CPU โคราช","Product transactional; Product service; รับซื้อ-cpu-โคราช","Product transactional","Decision","LINE/phone conversion","Korat/Nakhon Ratchasima","รับซื้อ CPU โคราช","none","Individual or business","รับซื้อ CPU โคราช ประเมินซีพียู Intel และ AMD มือสอง | WINNER ITรับซื้อ CPU โคราช","รับซื้อ CPU มือสองในโคราช ตรวจสภาพขา pins ประวัติใช้งานและกล่อง ประเมินเบื้องต้นผ่าน LINE @buyhub โดย WINNER IT","รับซื้อ CPU โคราช","รับซื้อ CPU มือสองในโคราช | ปัจจัยที่กำหนดราคา CPU | Intel vs AMD ที่เรารับประเมิน | วิธีเตรียม CPU ก่อนขาย | CPU ที่มีปัญหายังขายได้ไหม | การขาย CPU พร้อมเมนบอร์ดและแรม | ข้อควรระวังเรื่องของปลอม | บริการในโคราช | ราคาเบื้องต้นและการยืนยัน | เอกสารและที่มาของสินค้า | ขั้นตอนการขายกับ WINNER IT ในโคราช | เรื่องราคาและการประเมินเบื้องต้น | พื้นที่ให้บริการในนครราชสีมา | สินค้าที่ไม่รับและข้อจำกัดด้านความปลอดภัย | การยืนยันเจ้าของและความปลอดภัย | คำถามที่พบบ่อย | พร้อมขายแล้ว ส่งรายละเอียดมาได้เลย","","2143","1807","yes","yes","yes","yes","11","6","5","8","1","0","0","n/a","0","0","0","not required","Product service:/รับซื้อคอมพิวเตอร์-โคราช","5","5","Strong","Strong","","Keep as is"
"/รับซื้อ-imac-mac-mini-โคราช","src/content/services/รับซื้อ-imac-mac-mini-โคราช.md","Product service","/รับซื้อสินค้าไอที","รับซื้อ iMac และ Mac mini โคราช ประเมินผ่าน LINE","Product transactional; Product service; รับซื้อ-imac-mac-mini-โคราช","Product transactional","Decision","LINE/phone conversion","Korat/Nakhon Ratchasima","รับซื้อ iMac และ Mac mini โคราช ประเมินผ่าน LINE","none","Individual or business","รับซื้อ iMac และ Mac mini โคราช | ประเมินผ่าน LINE | WINNER ITรับซื้อ iMac และ Mac mini โคราช ประเมินผ่าน LINE","รับซื้อ iMac และ Mac mini มือสองในโคราช ตรวจสเปก สภาพจอ และ Apple ID ก่อนสรุปราคา เริ่มผ่าน LINE @buyhub นัดรับตามสะดวก","รับซื้อ iMac และ Mac mini โคราช ประเมินผ่าน LINE","ตอบคำถามก่อน: ขาย iMac หรือ Mac mini ในโคราชทำอย่างไร | รุ่นและสินค้าที่รับประเมิน | กลุ่มผู้ขายที่เราให้บริการบ่อย | ปัจจัยที่ส่งผลต่อราคาประเมิน | สภาพและประวัติที่ควรแจ้งตรงไปตรงมา | สิ่งที่ควรเตรียมก่อนส่งข้อมูล | ขั้นตอนประเมินผ่าน LINE @buyhub | การนัดรับและการส่งสินค้า | การลบข้อมูลและความเป็นส่วนตัว | การยืนยันเจ้าของและเอกสาร | สินค้าที่ไม่รับและข้อจำกัดด้านความปลอดภัย | ตัวอย่างสถานการณ์ที่พบบ่อย (ไม่ใช่รีวิวลูกค้า) | เคล็ดลับก่อนขายเพื่อให้ประเมินราบรื่น | ขั้นตอนการขาย iMac หรือ Mac miniกับ WINNER IT ในโคราช | เรื่องราคาและการประเมินเบื้องต้น | พื้นที่ให้บริการในนครราชสีมา | ลิงก์ที่เกี่ยวข้องภายในเว็บไซต์ | การยืนยันเจ้าของและความปลอดภัย | คำถามที่พบบ่อย | บริการที่เกี่ยวข้อง | พร้อมขายแล้ว ส่งรายละเอียดมาได้เลย","","2626","2034","yes","yes","yes","yes","11","6","5","10","2","13","5","n/a","0","0","0","not required","Product service:/รับซื้อสินค้าไอที","5","5","Strong","Strong","","Keep as is"
"/รับซื้อ-ipad-โคราช","src/content/services/รับซื้อ-ipad-โคราช.md","Product service","/รับซื้อโทรศัพท์มือถือ-โคราช","รับซื้อ iPad โคราช ประเมินผ่าน LINE นัดรับตามสะดวก","Brand transactional; Product service; รับซื้อ-ipad-โคราช","Brand transactional","Decision","LINE/phone conversion","Korat/Nakhon Ratchasima","รับซื้อ iPad โคราช ประเมินผ่าน LINE นัดรับตามสะดวก","none","Individual or business","รับซื้อ iPad โคราช | ประเมินผ่าน LINE นัดรับตามสะดวก | WINNER ITรับซื้อ iPad โคราช ประเมินผ่าน LINE นัดรับตามสะดวก","รับซื้อ iPad มือสองในโคราช ทุกรุ่นที่ใช้งานได้ ตรวจ iCloud สภาพจอ และอุปกรณ์ก่อนสรุปราคา เริ่มผ่าน LINE @buyhub","รับซื้อ iPad โคราช ประเมินผ่าน LINE นัดรับตามสะดวก","ตอบคำถามก่อน: ขาย iPad ในโคราชทำอย่างไร | รุ่นและสินค้าที่รับประเมิน | กลุ่มผู้ขายที่เราให้บริการบ่อย | ปัจจัยที่ส่งผลต่อราคาประเมิน | สภาพและประวัติที่ควรแจ้งตรงไปตรงมา | สิ่งที่ควรเตรียมก่อนส่งข้อมูล | ขั้นตอนประเมินผ่าน LINE @buyhub | การนัดรับและการส่งสินค้า | การลบข้อมูลและความเป็นส่วนตัว | การยืนยันเจ้าของและเอกสาร | สินค้าที่ไม่รับและข้อจำกัดด้านความปลอดภัย | ตัวอย่างสถานการณ์ที่พบบ่อย (ไม่ใช่รีวิวลูกค้า) | เคล็ดลับก่อนขายเพื่อให้ประเมินราบรื่น | ขั้นตอนการขาย iPadกับ WINNER IT ในโคราช | เรื่องราคาและการประเมินเบื้องต้น | พื้นที่ให้บริการในนครราชสีมา | ลิงก์ที่เกี่ยวข้องภายในเว็บไซต์ | การยืนยันเจ้าของและความปลอดภัย | คำถามที่พบบ่อย | บริการที่เกี่ยวข้อง | พร้อมขายแล้ว ส่งรายละเอียดมาได้เลย","","2782","2188","yes","yes","yes","yes","11","6","5","10","3","13","5","n/a","0","0","0","not required","Product service:/รับซื้อโทรศัพท์มือถือ-โคราช","5","5","Strong","Strong","","Keep as is"
"/รับซื้อ-iphone-โคราช","src/content/services/รับซื้อ-iphone-โคราช.md","Product service","/รับซื้อโทรศัพท์มือถือ-โคราช","รับซื้อ iPhone โคราช ประเมินผ่าน LINE นัดรับตามสะดวก","Brand transactional; Product service; รับซื้อ-iphone-โคราช","Brand transactional","Decision","LINE/phone conversion","Korat/Nakhon Ratchasima","รับซื้อ iPhone โคราช ประเมินผ่าน LINE นัดรับตามสะดวก","none","Individual or business","รับซื้อ iPhone โคราช | ประเมินผ่าน LINE นัดรับตามสะดวก | WINNER ITรับซื้อ iPhone โคราช ประเมินผ่าน LINE นัดรับตามสะดวก","รับซื้อ iPhone มือสองในโคราช ประเมินราคาเบื้องต้นผ่าน LINE @buyhub ตรวจสภาพจริงก่อนทำรายการ นัดรับตามคิวในนครราชสีมา","รับซื้อ iPhone โคราช ประเมินผ่าน LINE นัดรับตามสะดวก","ตอบคำถามก่อน: ขาย iPhone ในโคราชทำอย่างไร | รุ่นและสินค้าที่รับประเมิน | กลุ่มผู้ขายที่เราให้บริการบ่อย | ปัจจัยที่ส่งผลต่อราคาประเมิน | สภาพและประวัติที่ควรแจ้งตรงไปตรงมา | สิ่งที่ควรเตรียมก่อนส่งข้อมูล | ขั้นตอนประเมินผ่าน LINE @buyhub | การนัดรับและการส่งสินค้า | การลบข้อมูลและความเป็นส่วนตัว | การยืนยันเจ้าของและเอกสาร | สินค้าที่ไม่รับและข้อจำกัดด้านความปลอดภัย | ตัวอย่างสถานการณ์ที่พบบ่อย (ไม่ใช่รีวิวลูกค้า) | เคล็ดลับก่อนขายเพื่อให้ประเมินราบรื่น | ขั้นตอนการขาย iPhoneกับ WINNER IT ในโคราช | เรื่องราคาและการประเมินเบื้องต้น | พื้นที่ให้บริการในนครราชสีมา | ลิงก์ที่เกี่ยวข้องภายในเว็บไซต์ | การยืนยันเจ้าของและความปลอดภัย | คำถามที่พบบ่อย | บริการที่เกี่ยวข้อง | พร้อมขายแล้ว ส่งรายละเอียดมาได้เลย","","2834","2242","yes","yes","yes","yes","11","6","5","10","9","13","5","n/a","0","0","0","not required","Product service:/รับซื้อโทรศัพท์มือถือ-โคราช","5","5","Strong","Strong","","Keep as is"
"/รับซื้อ-macbook-โคราช","src/content/services/รับซื้อ-macbook-โคราช.md","Product service","/รับซื้อโน๊ตบุ๊ค-โคราช","รับซื้อ MacBook โคราช ประเมินผ่าน LINE นัดรับตามสะดวก","Brand transactional; Product service; รับซื้อ-macbook-โคราช","Brand transactional","Decision","LINE/phone conversion","Korat/Nakhon Ratchasima","รับซื้อ MacBook โคราช ประเมินผ่าน LINE นัดรับตามสะดวก","none","Individual or business","รับซื้อ MacBook โคราช | ประเมินผ่าน LINE นัดรับตามสะดวก | WINNER ITรับซื้อ MacBook โคราช ประเมินผ่าน LINE นัดรับตามสะดวก","รับซื้อ MacBook มือสองในโคราช ทุกรุ่น Air และ Pro ตรวจสเปก แบตเตอรี่ และ iCloud ก่อนสรุปราคา เริ่มผ่าน LINE @buyhub","รับซื้อ MacBook โคราช ประเมินผ่าน LINE นัดรับตามสะดวก","ตอบคำถามก่อน: ขาย MacBook ในโคราชทำอย่างไร | รุ่นและสินค้าที่รับประเมิน | กลุ่มผู้ขายที่เราให้บริการบ่อย | ปัจจัยที่ส่งผลต่อราคาประเมิน | สภาพและประวัติที่ควรแจ้งตรงไปตรงมา | สิ่งที่ควรเตรียมก่อนส่งข้อมูล | ขั้นตอนประเมินผ่าน LINE @buyhub | การนัดรับและการส่งสินค้า | การลบข้อมูลและความเป็นส่วนตัว | การยืนยันเจ้าของและเอกสาร | สินค้าที่ไม่รับและข้อจำกัดด้านความปลอดภัย | ตัวอย่างสถานการณ์ที่พบบ่อย (ไม่ใช่รีวิวลูกค้า) | เคล็ดลับก่อนขายเพื่อให้ประเมินราบรื่น | ขั้นตอนการขาย MacBookกับ WINNER IT ในโคราช | เรื่องราคาและการประเมินเบื้องต้น | พื้นที่ให้บริการในนครราชสีมา | ลิงก์ที่เกี่ยวข้องภายในเว็บไซต์ | การยืนยันเจ้าของและความปลอดภัย | คำถามที่พบบ่อย | บริการที่เกี่ยวข้อง | พร้อมขายแล้ว ส่งรายละเอียดมาได้เลย","","2756","2157","yes","yes","yes","yes","11","6","5","10","4","13","5","n/a","0","0","0","not required","Product service:/รับซื้อโน๊ตบุ๊ค-โคราช","5","5","Strong","Strong","","Keep as is"
"/รับซื้อ-nintendo-switch-โคราช","src/content/services/รับซื้อ-nintendo-switch-โคราช.md","Product service","/รับซื้อเครื่องเกม-โคราช","รับซื้อ Nintendo Switch โคราช","Brand transactional; Product service; รับซื้อ-nintendo-switch-โคราช","Brand transactional","Decision","LINE/phone conversion","Korat/Nakhon Ratchasima","รับซื้อ Nintendo Switch โคราช","none","Individual or business","รับซื้อ Nintendo Switch โคราช ประเมินเครื่องเกมมือสอง | WINNER ITรับซื้อ Nintendo Switch โคราช","รับซื้อ Nintendo Switch OLED มือสองในโคราช ตรวจจอ Joy-Con drift ประเมินผ่าน LINE @buyhub","รับซื้อ Nintendo Switch โคราช","Switch มือสอง | Joy-Con drift | เกมการ์ด | บัญชี Nintendo | เครื่องแก้ไข | อุปกรณ์ | ไม่รับล็อก | โคราช | ราคา | ติดต่อ | ขั้นตอนการขายกับ WINNER IT ในโคราช | เรื่องราคาและการประเมินเบื้องต้น | พื้นที่ให้บริการในนครราชสีมา | สินค้าที่ไม่รับและข้อจำกัดด้านความปลอดภัย | การยืนยันเจ้าของและความปลอดภัย | คำถามที่พบบ่อย | พร้อมขายแล้ว ส่งรายละเอียดมาได้เลย","","2127","1813","no","yes","yes","yes","11","6","5","8","1","0","0","n/a","0","0","0","not required","Product service:/รับซื้อเครื่องเกม-โคราช","4","5","Missing","Strong","ไม่พบคำตอบต้นหน้าที่ชัดเจน","Keep as is"
"/รับซื้อ-playstation-โคราช","src/content/services/รับซื้อ-playstation-โคราช.md","Product service","/รับซื้อเครื่องเกม-โคราช","รับซื้อ PlayStation โคราช","Brand transactional; Product service; รับซื้อ-playstation-โคราช","Brand transactional","Decision","LINE/phone conversion","Korat/Nakhon Ratchasima","รับซื้อ PlayStation โคราช","none","Individual or business","รับซื้อ PlayStation โคราช PS5 PS4 มือสอง | WINNER ITรับซื้อ PlayStation โคราช","WINNER IT รับซื้อ PlayStation ในโคราช ตรวจเครื่อง จอย แผ่นเกม ประเมินผ่าน LINE @buyhub","รับซื้อ PlayStation โคราช","รับซื้อ PlayStation ในโคราช | จอย DualSense และ DualShock | ดิสก์ vs Digital | แผ่นเกม | บัญชีและล็อก | กล่องและสาย | เครื่องเปิดไม่ติด | โคราช | เจ้าของ | ราคา | ขั้นตอนการขายกับ WINNER IT ในโคราช | เรื่องราคาและการประเมินเบื้องต้น | พื้นที่ให้บริการในนครราชสีมา | สินค้าที่ไม่รับและข้อจำกัดด้านความปลอดภัย | การยืนยันเจ้าของและความปลอดภัย | คำถามที่พบบ่อย | พร้อมขายแล้ว ส่งรายละเอียดมาได้เลย","","2163","1853","yes","yes","yes","yes","11","6","5","8","1","0","0","n/a","0","0","0","not required","Product service:/รับซื้อเครื่องเกม-โคราช","5","5","Strong","Strong","","Keep as is"
"/รับซื้อ-server-network-โคราช","src/content/services/รับซื้อ-server-network-โคราช.md","Product service","/รับซื้อคอมพิวเตอร์-โคราช","รับซื้อ Server Network โคราช","Product transactional; Product service; รับซื้อ-server-network-โคราช","Product transactional","Decision","LINE/phone conversion","Korat/Nakhon Ratchasima","รับซื้อ Server Network โคราช","none","Individual or business","รับซื้อ Server Network โคราช อุปกรณ์เครือข่ายมือสอง | WINNER ITรับซื้อ Server Network โคราช","WINNER IT รับซื้อ server switch router firewall ในโคราช ประเมินยกชุดหรือรายชิ้น ผ่าน LINE @buyhub","รับซื้อ Server Network โคราช","อุปกรณ์เครือข่ายและเซิร์ฟเวอร์มือสอง | สิ่งที่ต้องเตรียม | ข้อมูลและความปลอดภัย | ขายยกห้อง server | อุปกรณ์เสีย | เอกสาร | โคราช | ราคา | เจ้าของ | ติดต่อ | ขั้นตอนการขายกับ WINNER IT ในโคราช | เรื่องราคาและการประเมินเบื้องต้น | พื้นที่ให้บริการในนครราชสีมา | สินค้าที่ไม่รับและข้อจำกัดด้านความปลอดภัย | การยืนยันเจ้าของและความปลอดภัย | คำถามที่พบบ่อย | พร้อมขายแล้ว ส่งรายละเอียดมาได้เลย","","2111","1814","yes","yes","yes","yes","11","6","5","8","1","0","0","n/a","0","0","0","not required","Product service:/รับซื้อคอมพิวเตอร์-โคราช","5","5","Strong","Strong","","Keep as is"
"/รับซื้อ-ssd-hdd-โคราช","src/content/services/รับซื้อ-ssd-hdd-โคราช.md","Product service","/รับซื้อคอมพิวเตอร์-โคราช","รับซื้อ SSD HDD โคราช","Product transactional; Product service; รับซื้อ-ssd-hdd-โคราช","Product transactional","Decision","LINE/phone conversion","Korat/Nakhon Ratchasima","รับซื้อ SSD HDD โคราช","none","Individual or business","รับซื้อ SSD HDD โคราช ฮาร์ดดิสก์และ SSD มือสอง | WINNER ITรับซื้อ SSD HDD โคราช","รับซื้อ SSD NVMe SATA และ HDD ในโคราช ตรวจสุขภาพดิสก์ SMART ความจุ ประเมินผ่าน LINE @buyhub","รับซื้อ SSD HDD โคราช","ที่เก็บข้อมูลมือสองและความเสี่ยง | SSD รุ่นที่รับประเมิน | HDD และการใช้งาน NAS | ดิสก์มี bad sector | วิธีเตรียมก่อนขาย | ดิสก์จากองค์กร | ข้อมูลส่วนตัว | โคราช | ไม่รับของสงสัย | ราคาเบื้องต้น | ขั้นตอนการขายกับ WINNER IT ในโคราช | เรื่องราคาและการประเมินเบื้องต้น | พื้นที่ให้บริการในนครราชสีมา | สินค้าที่ไม่รับและข้อจำกัดด้านความปลอดภัย | การยืนยันเจ้าของและความปลอดภัย | คำถามที่พบบ่อย | พร้อมขายแล้ว ส่งรายละเอียดมาได้เลย","","2203","1840","yes","yes","yes","yes","11","6","5","9","1","0","0","n/a","0","0","0","not required","Product service:/รับซื้อคอมพิวเตอร์-โคราช","5","5","Strong","Strong","","Keep as is"
"/รับซื้อกล้อง-โคราช","src/content/services/รับซื้อกล้อง-โคราช.md","Product service","/รับซื้อกล้อง-โคราช","รับซื้อกล้อง โคราช","Product transactional; Product service; รับซื้อกล้อง-โคราช","Product transactional","Decision","LINE/phone conversion","Korat/Nakhon Ratchasima","รับซื้อกล้อง โคราช","none","Individual or business","รับซื้อกล้อง โคราช กล้อง DSLR Mirrorless มือสอง | WINNER ITรับซื้อกล้อง โคราช","WINNER IT รับซื้อกล้องในโคราช ตรวจ shutter count เซนเซอร์ mount ปุ่ม จอ viewfinder แบตเตอรี่ ประเมินผ่าน LINE @buyhub","รับซื้อกล้อง โคราช","รับซื้อกล้องมือสองในโคราช | Shutter count และอายุการใช้งาน | Mirrorless vs DSLR | การเตรียมก่อนขาย | กล้องตกน้ำหรือซ่อม | กล้องที่ไม่รับ | ขายพร้อมเลนส์ | พื้นที่โคราช | ราคาเบื้องต้น | ติดต่อ | ขั้นตอนการขายกับ WINNER IT ในโคราช | เรื่องราคาและการประเมินเบื้องต้น | พื้นที่ให้บริการในนครราชสีมา | สินค้าที่ไม่รับและข้อจำกัดด้านความปลอดภัย | การยืนยันเจ้าของและความปลอดภัย | คำถามที่พบบ่อย | พร้อมขายแล้ว ส่งรายละเอียดมาได้เลย","","2191","1834","yes","yes","yes","yes","11","6","5","10","4","0","0","n/a","0","0","0","not required","Product service:/รับซื้อกล้อง-โคราช","5","5","Strong","Strong","","Keep as is"
"/รับซื้อการ์ดจอ-โคราช","src/content/services/รับซื้อการ์ดจอ-โคราช.md","Product service","/รับซื้อคอมพิวเตอร์-โคราช","รับซื้อการ์ดจอ โคราช","Product transactional; Product service; รับซื้อการ์ดจอ-โคราช","Product transactional","Decision","LINE/phone conversion","Korat/Nakhon Ratchasima","รับซื้อการ์ดจอ โคราช","none","Individual or business","รับซื้อการ์ดจอ โคราช ประเมิน GPU มือสองอย่างเป็นระบบ | WINNER ITรับซื้อการ์ดจอ โคราช","WINNER IT รับซื้อการ์ดจอ NVIDIA และ AMD ในโคราช ตรวจ VRAM สภาพพัดลม ประวัติใช้งานและกล่อง ประเมินเบื้องต้นผ่าน LINE @buyhub","รับซื้อการ์ดจอ โคราช","ทำไมการขายการ์ดจอในโคราชต้องประเมินอย่างละเอียด | ปัจจัยหลักที่ส่งผลต่อราคาการ์ดจอมือสอง | การเตรียมการ์ดจอก่อนส่งประเมิน | การ์ดจอที่รับประเมินและข้อจำกัด | VRAM อุณหภูมิ และการทดสอบก่อนรับซื้อ | กรณีไม่มีกล่องหรือสายแปลง | การขายการ์ดจอหลายใบพร้อมกัน | ความแตกต่างระหว่างการ์ด Founders Edition และ AIB | ข้อควรรู้เรื่องประกันและ serial | ทำไมควรเลือก WINNER IT เมื่อขายการ์ดจอในโคราช | ขั้นตอนการขายกับ WINNER IT ในโคราช | เรื่องราคาและการประเมินเบื้องต้น | พื้นที่ให้บริการในนครราชสีมา | สินค้าที่ไม่รับและข้อจำกัดด้านความปลอดภัย | คำแนะนำด้านความปลอดภัยเมื่อขนส่งการ์ดจอ | การยืนยันเจ้าของและความปลอดภัย | คำถามที่พบบ่อย | พร้อมขายแล้ว ส่งรายละเอียดมาได้เลย","","2267","1830","yes","yes","yes","yes","11","6","5","8","10","0","0","n/a","0","0","0","not required","Product service:/รับซื้อคอมพิวเตอร์-โคราช","5","5","Strong","Strong","","Keep as is"
"/รับซื้อคอมตั้งโต๊ะ-โคราช","src/content/services/รับซื้อคอมตั้งโต๊ะ-โคราช.md","Product service","/รับซื้อคอมพิวเตอร์-โคราช","รับซื้อคอมตั้งโต๊ะ โคราช ประเมินผ่าน LINE","Product transactional; Product service; รับซื้อคอมตั้งโต๊ะ-โคราช","Product transactional","Decision","LINE/phone conversion","Korat/Nakhon Ratchasima","รับซื้อคอมตั้งโต๊ะ โคราช ประเมินผ่าน LINE","none","Individual or business","รับซื้อคอมตั้งโต๊ะ โคราช | Dell HP Lenovo ประเมินผ่าน LINE | WINNER ITรับซื้อคอมตั้งโต๊ะ โคราช ประเมินผ่าน LINE","รับซื้อคอมตั้งโต๊ะมือสองในโคราช Dell HP Lenovo ตรวจสเปก สภาพเครื่อง และข้อมูลส่วนตัวก่อนสรุปราคา เริ่มผ่าน LINE @buyhub","รับซื้อคอมตั้งโต๊ะ โคราช ประเมินผ่าน LINE","ตอบคำถามก่อน: ขายคอมตั้งโต๊ะในโคราชทำอย่างไร | รุ่นและสินค้าที่รับประเมิน | กลุ่มผู้ขายที่เราให้บริการบ่อย | ปัจจัยที่ส่งผลต่อราคาประเมิน | สภาพและประวัติที่ควรแจ้งตรงไปตรงมา | สิ่งที่ควรเตรียมก่อนส่งข้อมูล | ขั้นตอนประเมินผ่าน LINE @buyhub | การนัดรับและการส่งสินค้า | การลบข้อมูลและความเป็นส่วนตัว | การยืนยันเจ้าของและเอกสาร | สินค้าที่ไม่รับและข้อจำกัดด้านความปลอดภัย | ตัวอย่างสถานการณ์ที่พบบ่อย (ไม่ใช่รีวิวลูกค้า) | เคล็ดลับก่อนขายเพื่อให้ประเมินราบรื่น | ขั้นตอนการขายคอมตั้งโต๊ะกับ WINNER IT ในโคราช | เรื่องราคาและการประเมินเบื้องต้น | พื้นที่ให้บริการในนครราชสีมา | ลิงก์ที่เกี่ยวข้องภายในเว็บไซต์ | การยืนยันเจ้าของและความปลอดภัย | คำถามที่พบบ่อย | บริการที่เกี่ยวข้อง | พร้อมขายแล้ว ส่งรายละเอียดมาได้เลย","","2466","1888","yes","yes","yes","yes","11","6","5","10","2","13","5","n/a","0","0","0","not required","Product service:/รับซื้อคอมพิวเตอร์-โคราช","5","5","Strong","Strong","","Keep as is"
"/รับซื้อคอมบริษัท-โคราช","src/content/services/รับซื้อคอมบริษัท-โคราช.md","B2B/bulk","/รับซื้อคอมพิวเตอร์-โคราช","รับซื้อคอมบริษัท โคราช","B2B/bulk transactional; B2B/bulk; รับซื้อคอมบริษัท-โคราช","B2B/bulk transactional","Decision","LINE/phone conversion","Korat/Nakhon Ratchasima","none","none","Business/organization","รับซื้อคอมบริษัท โคราช รับซื้อ IT Asset องค์กร | WINNER ITรับซื้อคอมบริษัท โคราช","WINNER IT รับซื้อคอมบริษัทในโคราช รายการ serial ลบข้อมูล เอกสาร นัดรับและขนส่ง ผ่าน LINE @buyhub","รับซื้อคอมบริษัท โคราช","รับซื้อ IT Asset จากบริษัทในโคราช | Asset list และ serial count | Data wipe และความปลอดภัยข้อมูล | เอกสารและใบรับของ | การขนส่งและนัดรับ | จำนวนมาก | ของเสีย | เจ้าของ | ราคา | ติดต่อ | ขั้นตอนการขายกับ WINNER IT ในโคราช | เรื่องราคาและการประเมินเบื้องต้น | พื้นที่ให้บริการในนครราชสีมา | สินค้าที่ไม่รับและข้อจำกัดด้านความปลอดภัย | การยืนยันเจ้าของและความปลอดภัย | คำถามที่พบบ่อย | พร้อมขายแล้ว ส่งรายละเอียดมาได้เลย","","2189","1837","yes","yes","yes","yes","11","6","5","11","1","0","0","n/a","0","0","0","not required","B2B/bulk:/รับซื้อคอมพิวเตอร์-โคราช","5","5","Strong","Strong","","Keep as is"
"/รับซื้อคอมประกอบ-โคราช","src/content/services/รับซื้อคอมประกอบ-โคราช.md","Product service","/รับซื้อคอมพิวเตอร์-โคราช","รับซื้อคอมประกอบ โคราช ตรวจสเปกจริง ประเมินผ่าน LINE","Product transactional; Product service; รับซื้อคอมประกอบ-โคราช","Product transactional","Decision","LINE/phone conversion","Korat/Nakhon Ratchasima","รับซื้อคอมประกอบ โคราช ตรวจสเปกจริง ประเมินผ่าน LINE","none","Individual or business","รับซื้อคอมประกอบ โคราช | ตรวจสเปกจริง ประเมินผ่าน LINE | WINNER ITรับซื้อคอมประกอบ โคราช ตรวจสเปกจริง ประเมินผ่าน LINE","รับซื้อคอมประกอบมือสองในโคราช ตรวจสเปกทุกชิ้นส่วน CPU RAM การ์ดจอ SSD ก่อนสรุปราคา เริ่มผ่าน LINE @buyhub","รับซื้อคอมประกอบ โคราช ตรวจสเปกจริง ประเมินผ่าน LINE","ตอบคำถามก่อน: ขายคอมประกอบในโคราชทำอย่างไร | รุ่นและสินค้าที่รับประเมิน | กลุ่มผู้ขายที่เราให้บริการบ่อย | ปัจจัยที่ส่งผลต่อราคาประเมิน | สภาพและประวัติที่ควรแจ้งตรงไปตรงมา | สิ่งที่ควรเตรียมก่อนส่งข้อมูล | ขั้นตอนประเมินผ่าน LINE @buyhub | การนัดรับและการส่งสินค้า | การลบข้อมูลและความเป็นส่วนตัว | การยืนยันเจ้าของและเอกสาร | สินค้าที่ไม่รับและข้อจำกัดด้านความปลอดภัย | ตัวอย่างสถานการณ์ที่พบบ่อย (ไม่ใช่รีวิวลูกค้า) | เคล็ดลับก่อนขายเพื่อให้ประเมินราบรื่น | ขั้นตอนการขายคอมประกอบกับ WINNER IT ในโคราช | เรื่องราคาและการประเมินเบื้องต้น | พื้นที่ให้บริการในนครราชสีมา | ลิงก์ที่เกี่ยวข้องภายในเว็บไซต์ | การยืนยันเจ้าของและความปลอดภัย | คำถามที่พบบ่อย | บริการที่เกี่ยวข้อง | พร้อมขายแล้ว ส่งรายละเอียดมาได้เลย","","2466","1870","yes","yes","yes","yes","11","6","5","10","4","13","5","n/a","0","0","0","not required","Product service:/รับซื้อคอมพิวเตอร์-โคราช","5","5","Strong","Strong","","Keep as is"
"/รับซื้อคอมพิวเตอร์-โคราช","src/content/services/รับซื้อคอมพิวเตอร์-โคราช.md","Product service","/รับซื้อคอมพิวเตอร์-โคราช","รับซื้อคอมพิวเตอร์ โคราช ประเมินผ่าน LINE นัดรับตามสะดวก","Product transactional; Product service; รับซื้อคอมพิวเตอร์-โคราช","Product transactional","Decision","LINE/phone conversion","Korat/Nakhon Ratchasima","รับซื้อคอมพิวเตอร์ โคราช ประเมินผ่าน LINE นัดรับตามสะดวก","none","Individual or business","รับซื้อคอมพิวเตอร์ โคราช | ตั้งโต๊ะ ประกอบ เกมมิ่ง | WINNER ITรับซื้อคอมพิวเตอร์ โคราช ประเมินผ่าน LINE นัดรับตามสะดวก","รับซื้อคอมพิวเตอร์มือสองในโคราช ตั้งโต๊ะ ประกอบ เกมมิ่ง เวิร์กสเตชัน ตรวจสเปกจริงก่อนสรุปราคา เริ่มผ่าน LINE @buyhub","รับซื้อคอมพิวเตอร์ โคราช ประเมินผ่าน LINE นัดรับตามสะดวก","ตอบคำถามก่อน: ขายคอมพิวเตอร์ในโคราชทำอย่างไร | รุ่นและสินค้าที่รับประเมิน | กลุ่มผู้ขายที่เราให้บริการบ่อย | ปัจจัยที่ส่งผลต่อราคาประเมิน | สภาพและประวัติที่ควรแจ้งตรงไปตรงมา | สิ่งที่ควรเตรียมก่อนส่งข้อมูล | ขั้นตอนประเมินผ่าน LINE @buyhub | การนัดรับและการส่งสินค้า | การลบข้อมูลและความเป็นส่วนตัว | การยืนยันเจ้าของและเอกสาร | สินค้าที่ไม่รับและข้อจำกัดด้านความปลอดภัย | ตัวอย่างสถานการณ์ที่พบบ่อย (ไม่ใช่รีวิวลูกค้า) | เคล็ดลับก่อนขายเพื่อให้ประเมินราบรื่น | ขั้นตอนการขายคอมพิวเตอร์กับ WINNER IT ในโคราช | เรื่องราคาและการประเมินเบื้องต้น | พื้นที่ให้บริการในนครราชสีมา | ลิงก์ที่เกี่ยวข้องภายในเว็บไซต์ | การยืนยันเจ้าของและความปลอดภัย | คำถามที่พบบ่อย | บริการที่เกี่ยวข้อง | พร้อมขายแล้ว ส่งรายละเอียดมาได้เลย","","2479","1900","yes","yes","yes","yes","11","6","5","10","11","16","5","n/a","0","0","0","not required","Product service:/รับซื้อคอมพิวเตอร์-โคราช","5","5","Strong","Strong","","Keep as is"
"/รับซื้อคอมเกมมิ่ง-โคราช","src/content/services/รับซื้อคอมเกมมิ่ง-โคราช.md","Product service","/รับซื้อคอมพิวเตอร์-โคราช","รับซื้อคอมเกมมิ่ง โคราช ตรวจการ์ดจอ ประเมินผ่าน LINE","Product transactional; Product service; รับซื้อคอมเกมมิ่ง-โคราช","Product transactional","Decision","LINE/phone conversion","Korat/Nakhon Ratchasima","รับซื้อคอมเกมมิ่ง โคราช ตรวจการ์ดจอ ประเมินผ่าน LINE","none","Individual or business","รับซื้อคอมเกมมิ่ง โคราช | ตรวจการ์ดจอ ประเมินผ่าน LINE | WINNER ITรับซื้อคอมเกมมิ่ง โคราช ตรวจการ์ดจอ ประเมินผ่าน LINE","รับซื้อคอมเกมมิ่งมือสองในโคราช ตรวจการ์ดจอ สเปก และระบบระบายความร้อนก่อนสรุปราคา เริ่มผ่าน LINE @buyhub","รับซื้อคอมเกมมิ่ง โคราช ตรวจการ์ดจอ ประเมินผ่าน LINE","ตอบคำถามก่อน: ขายคอมเกมมิ่งในโคราชทำอย่างไร | รุ่นและสินค้าที่รับประเมิน | กลุ่มผู้ขายที่เราให้บริการบ่อย | ปัจจัยที่ส่งผลต่อราคาประเมิน | สภาพและประวัติที่ควรแจ้งตรงไปตรงมา | สิ่งที่ควรเตรียมก่อนส่งข้อมูล | ขั้นตอนประเมินผ่าน LINE @buyhub | การนัดรับและการส่งสินค้า | การลบข้อมูลและความเป็นส่วนตัว | การยืนยันเจ้าของและเอกสาร | สินค้าที่ไม่รับและข้อจำกัดด้านความปลอดภัย | ตัวอย่างสถานการณ์ที่พบบ่อย (ไม่ใช่รีวิวลูกค้า) | เคล็ดลับก่อนขายเพื่อให้ประเมินราบรื่น | ขั้นตอนการขายคอมเกมมิ่งกับ WINNER IT ในโคราช | เรื่องราคาและการประเมินเบื้องต้น | พื้นที่ให้บริการในนครราชสีมา | ลิงก์ที่เกี่ยวข้องภายในเว็บไซต์ | การยืนยันเจ้าของและความปลอดภัย | คำถามที่พบบ่อย | บริการที่เกี่ยวข้อง | พร้อมขายแล้ว ส่งรายละเอียดมาได้เลย","","2507","1910","yes","yes","yes","yes","11","6","5","10","4","14","5","n/a","0","0","0","not required","Product service:/รับซื้อคอมพิวเตอร์-โคราช","5","5","Strong","Strong","","Keep as is"
"/รับซื้อคอมเก่า-โคราช","src/content/services/รับซื้อคอมเก่า-โคราช.md","Product service","/รับซื้อคอมพิวเตอร์-โคราช","รับซื้อคอมเก่า โคราช","Product transactional; Product service; รับซื้อคอมเก่า-โคราช","Product transactional","Decision","LINE/phone conversion","Korat/Nakhon Ratchasima","รับซื้อคอมเก่า โคราช","none","Individual or business","รับซื้อคอมเก่า โคราช คอมตั้งโต๊ะรุ่นเก่า | WINNER ITรับซื้อคอมเก่า โคราช","WINNER IT รับซื้อคอมเก่าในโคราช คอมรุ่นเก่า อ upgrade แล้ว ประเมินผ่าน LINE @buyhub","รับซื้อคอมเก่า โคราช","คอมเก่ายังมีมูลค่า | สเปกที่ควรแจ้ง | ทั้งชุดหรือเปล่า | ข้อมูล | หลายเครื่อง | ราคา | โคราช | เจ้าของ | ติดต่อ | ขั้นตอนการขายกับ WINNER IT ในโคราช | เรื่องราคาและการประเมินเบื้องต้น | พื้นที่ให้บริการในนครราชสีมา | สินค้าที่ไม่รับและข้อจำกัดด้านความปลอดภัย | การยืนยันเจ้าของและความปลอดภัย | คำถามที่พบบ่อย | พร้อมขายแล้ว ส่งรายละเอียดมาได้เลย","","2125","1816","yes","yes","yes","yes","11","6","5","8","1","0","0","n/a","0","0","0","not required","Product service:/รับซื้อคอมพิวเตอร์-โคราช","5","5","Strong","Strong","","Keep as is"
"/รับซื้อจอมอนิเตอร์-โคราช","src/content/services/รับซื้อจอมอนิเตอร์-โคราช.md","Product service","/รับซื้อสินค้าไอที","รับซื้อจอมอนิเตอร์ โคราช","Product transactional; Product service; รับซื้อจอมอนิเตอร์-โคราช","Product transactional","Decision","LINE/phone conversion","Korat/Nakhon Ratchasima","รับซื้อจอมอนิเตอร์ โคราช","none","Individual or business","รับซื้อจอมอนิเตอร์ โคราช จอคอมและจอเกมมิ่งมือสอง | WINNER ITรับซื้อจอมอนิเตอร์ โคราช","WINNER IT รับซื้อจอมอนิเตอร์ในโคราช ตรวจจอ dead pixel แสงรั่ว ขาตั้ง ประเมินผ่าน LINE @buyhub","รับซื้อจอมอนิเตอร์ โคราช","จอมอนิเตอร์มือสอง | จอเกมมิ่ง 144Hz ขึ้นไป | จอสำหรับงานกราฟิก | อุปกรณ์ครบ | จอแตกหรือเส้น | ขนส่ง | จอเก่า | เจ้าของ | ประเมินเบื้องต้น | ติดต่อ | ขั้นตอนการขายกับ WINNER IT ในโคราช | เรื่องราคาและการประเมินเบื้องต้น | พื้นที่ให้บริการในนครราชสีมา | สินค้าที่ไม่รับและข้อจำกัดด้านความปลอดภัย | การยืนยันเจ้าของและความปลอดภัย | คำถามที่พบบ่อย | พร้อมขายแล้ว ส่งรายละเอียดมาได้เลย","","2144","1812","yes","yes","yes","yes","11","6","5","8","4","0","0","n/a","0","0","0","not required","Product service:/รับซื้อสินค้าไอที","5","5","Strong","Strong","","Keep as is"
"/รับซื้อลำโพง-โคราช","src/content/services/รับซื้อลำโพง-โคราช.md","Product service","/รับซื้อสินค้าไอที","รับซื้อลำโพง โคราช","Product transactional; Product service; รับซื้อลำโพง-โคราช","Product transactional","Decision","LINE/phone conversion","Korat/Nakhon Ratchasima","รับซื้อลำโพง โคราช","none","Individual or business","รับซื้อลำโพง โคราช ลำโพงบluetooth และลำโพงมือสอง | WINNER ITรับซื้อลำโพง โคราช","WINNER IT รับซื้อลำโพงในโคราช ตรวจเสียง แบต สภาพตัวเครื่อง ประเมินผ่าน LINE @buyhub","รับซื้อลำโพง โคราช","ลำโพงมือสอง | ทดสอบเสียง | ลำโพงไร้สาย | กล่องและสาย | ลำโพงใหญ่ | เสีย | เจ้าของ | โคราช | ราคา | ติดต่อ | ขั้นตอนการขายกับ WINNER IT ในโคราช | เรื่องราคาและการประเมินเบื้องต้น | พื้นที่ให้บริการในนครราชสีมา | สินค้าที่ไม่รับและข้อจำกัดด้านความปลอดภัย | การยืนยันเจ้าของและความปลอดภัย | คำถามที่พบบ่อย | พร้อมขายแล้ว ส่งรายละเอียดมาได้เลย","","2124","1810","yes","yes","yes","yes","11","6","5","8","1","0","0","n/a","0","0","0","not required","Product service:/รับซื้อสินค้าไอที","5","5","Strong","Strong","","Keep as is"
"/รับซื้อสินค้าไอที","src/content/services/รับซื้อสินค้าไอที.md","Main service hub","/","รับซื้อสินค้าไอที โคราช","Local transactional; Main service hub; รับซื้อสินค้าไอที","Local transactional","Decision","LINE/phone conversion","Korat/Nakhon Ratchasima","none","none","Individual or business","รับซื้อสินค้าไอที โคราช บริการรับซื้อ IT ครบวงจร | WINNER ITรับซื้อสินค้าไอที โคราช","WINNER IT รับซื้อสินค้าไอทีในโคราช โทรศัพท์ โน๊ตบุ๊ค คอม กล้อง เกม อุปกรณ์สำนักงาน ประเมินผ่าน LINE @buyhub","รับซื้อสินค้าไอที โคราช","บริการรับซื้อสินค้าไอทีในนครราชสีมา | หมวดสินค้าที่รับประเมิน | วิธีเริ่มต้นขาย | นโยบายความปลอดภัย | บริการเสริม | พื้นที่ให้บริการ | ราคาและความโปร่งใส | ทำไมเลือก WINNER IT | คำถามที่พบบ่อย | ติดต่อ | ขั้นตอนการขายกับ WINNER IT ในโคราช | เรื่องราคาและการประเมินเบื้องต้น | พื้นที่ให้บริการในนครราชสีมา | สินค้าที่ไม่รับและข้อจำกัดด้านความปลอดภัย | เคล็ดลับได้ราคาใกล้เคียงมูลค่า | ลูกค้าองค์กร | การยืนยันเจ้าของและความปลอดภัย | คำถามที่พบบ่อย | พร้อมขายแล้ว ส่งรายละเอียดมาได้เลย","","2158","1826","yes","yes","yes","yes","11","6","5","8","33","0","0","n/a","0","0","0","not required","Main service hub:/","5","5","Strong","Strong","","Keep as is"
"/รับซื้อสินค้าไอทียกล็อต","src/content/services/รับซื้อสินค้าไอทียกล็อต.md","B2B/bulk","/รับซื้อสินค้าไอที","รับซื้อสินค้าไอทียกล็อต","B2B/bulk transactional; B2B/bulk; รับซื้อสินค้าไอทียกล็อต","B2B/bulk transactional","Decision","LINE/phone conversion","Korat/Nakhon Ratchasima","none","none","Business/organization","รับซื้อสินค้าไอทียกล็อต โคราช | WINNER ITรับซื้อสินค้าไอทียกล็อต","WINNER IT รับซื้อสินค้าไอทียกล็อตในโคราช ร้านคอม สต็อกเก่า ส่งรายการประเมิน ผ่าน LINE @buyhub","รับซื้อสินค้าไอทียกล็อต","รับซื้อยกล็อต | รูปแบบรายการ | ราคา | onsite | เจ้าของ | ของล็อก | เอกสาร | ติดต่อ | พื้นที่ | ความยืดหยุ่น | ขั้นตอนการขายกับ WINNER IT ในโคราช | เรื่องราคาและการประเมินเบื้องต้น | พื้นที่ให้บริการในนครราชสีมา | สินค้าที่ไม่รับและข้อจำกัดด้านความปลอดภัย | การยืนยันเจ้าของและความปลอดภัย | คำถามที่พบบ่อย | พร้อมขายแล้ว ส่งรายละเอียดมาได้เลย","","2161","1826","no","yes","yes","yes","11","6","5","8","24","0","0","n/a","0","0","0","not required","B2B/bulk:/รับซื้อสินค้าไอที","4","5","Missing","Strong","ไม่พบคำตอบต้นหน้าที่ชัดเจน","Keep as is"
"/รับซื้อสินค้าไอทีไม่มีอุปกรณ์-โคราช","src/content/services/รับซื้อสินค้าไอทีไม่มีอุปกรณ์-โคราช.md","Condition","/รับซื้อสินค้าไอที","รับซื้อสินค้าไอทีไม่มีอุปกรณ์ โคราช","Condition transactional; Condition; รับซื้อสินค้าไอทีไม่มีอุปกรณ์-โคราช","Condition transactional","Decision","LINE/phone conversion","Korat/Nakhon Ratchasima","รับซื้อสินค้าไอทีไม่มีอุปกรณ์ โคราช","รับซื้อสินค้าไอทีไม่มีอุปกรณ์ โคราช","Individual or business","รับซื้อสินค้าไอทีไม่มีอุปกรณ์ โคราช | WINNER ITรับซื้อสินค้าไอทีไม่มีอุปกรณ์ โคราช","รับซื้อสินค้าไอทีไม่มีกล่อง ไม่มีสายชาร์จ ในโคราช ประเมินตามสภาพ ผ่าน LINE @buyhub","รับซื้อสินค้าไอทีไม่มีอุปกรณ์ โคราช","ขายเครื่องเปล่าไม่มีกล่อง | อะไรที่ขาดได้ | อะไรสำคัญ | แจ้งตั้งแต่แรก | ราคา | โคราช | เจ้าของ | หลายชิ้น | ติดต่อ | ขั้นตอนการขายกับ WINNER IT ในโคราช | เรื่องราคาและการประเมินเบื้องต้น | พื้นที่ให้บริการในนครราชสีมา | สินค้าที่ไม่รับและข้อจำกัดด้านความปลอดภัย | การยืนยันเจ้าของและความปลอดภัย | คำถามที่พบบ่อย | พร้อมขายแล้ว ส่งรายละเอียดมาได้เลย","","2134","1819","yes","yes","yes","yes","11","6","5","8","1","0","0","n/a","0","0","0","not required","Condition:/รับซื้อสินค้าไอที","5","5","Strong","Strong","","Keep as is"
"/รับซื้อสินค้าไอทีไม่ได้ใช้งาน-โคราช","src/content/services/รับซื้อสินค้าไอทีไม่ได้ใช้งาน-โคราช.md","Condition","/รับซื้อสินค้าไอที","รับซื้อสินค้าไอทีไม่ได้ใช้งาน โคราช","Condition transactional; Condition; รับซื้อสินค้าไอทีไม่ได้ใช้งาน-โคราช","Condition transactional","Decision","LINE/phone conversion","Korat/Nakhon Ratchasima","รับซื้อสินค้าไอทีไม่ได้ใช้งาน โคราช","รับซื้อสินค้าไอทีไม่ได้ใช้งาน โคราช","Individual or business","รับซื้อสินค้าไอทีไม่ได้ใช้งาน โคราช | WINNER ITรับซื้อสินค้าไอทีไม่ได้ใช้งาน โคราช","รับซื้อสินค้าไอทีที่ไม่ได้ใช้งานแล้ว เก็บไว้นาน ในโคราช ประเมินผ่าน LINE @buyhub","รับซื้อสินค้าไอทีไม่ได้ใช้งาน โคราช","ของที่เลิกใช้แล้ว | ทดสอบก่อนส่ง | แบตเก็บนาน | ข้อมูล | ราคา | โคราช | เจ้าของ | หลายชิ้น | ติดต่อ | ขั้นตอนการขายกับ WINNER IT ในโคราช | เรื่องราคาและการประเมินเบื้องต้น | พื้นที่ให้บริการในนครราชสีมา | สินค้าที่ไม่รับและข้อจำกัดด้านความปลอดภัย | การยืนยันเจ้าของและความปลอดภัย | คำถามที่พบบ่อย | พร้อมขายแล้ว ส่งรายละเอียดมาได้เลย","","2143","1820","yes","yes","yes","yes","11","6","5","8","1","0","0","n/a","0","0","0","not required","Condition:/รับซื้อสินค้าไอที","5","5","Strong","Strong","","Keep as is"
"/รับซื้อหูฟัง-โคราช","src/content/services/รับซื้อหูฟัง-โคราช.md","Product service","/รับซื้อสินค้าไอที","รับซื้อหูฟัง โคราช","Product transactional; Product service; รับซื้อหูฟัง-โคราช","Product transactional","Decision","LINE/phone conversion","Korat/Nakhon Ratchasima","รับซื้อหูฟัง โคราช","none","Individual or business","รับซื้อหูฟัง โคราช หูฟังไร้สายและเกมมิ่งมือสอง | WINNER ITรับซื้อหูฟัง โคราช","รับซื้อหูฟัง AirPods Sony Bose ในโคราช ตรวจแบต ไมค์ สภาพ ประเมินผ่าน LINE @buyhub","รับซื้อหูฟัง โคราช","หูฟังมือสอง | AirPods และ TWS | แบตเสื่อม | อุปกรณ์ | หูฟังเกม | เสียหาย | เจ้าของ | โคราช | ราคา | ติดต่อ | ขั้นตอนการขายกับ WINNER IT ในโคราช | เรื่องราคาและการประเมินเบื้องต้น | พื้นที่ให้บริการในนครราชสีมา | สินค้าที่ไม่รับและข้อจำกัดด้านความปลอดภัย | การยืนยันเจ้าของและความปลอดภัย | คำถามที่พบบ่อย | พร้อมขายแล้ว ส่งรายละเอียดมาได้เลย","","2125","1806","yes","yes","yes","yes","11","6","5","8","1","0","0","n/a","0","0","0","not required","Product service:/รับซื้อสินค้าไอที","5","5","Strong","Strong","","Keep as is"
"/รับซื้ออุปกรณ์-pos-โคราช","src/content/services/รับซื้ออุปกรณ์-pos-โคราช.md","Product service","/รับซื้อสินค้าไอที","รับซื้ออุปกรณ์ POS โคราช","Product transactional; Product service; รับซื้ออุปกรณ์-pos-โคราช","Product transactional","Decision","LINE/phone conversion","Korat/Nakhon Ratchasima","รับซื้ออุปกรณ์ POS โคราช","none","Individual or business","รับซื้ออุปกรณ์ POS โคราช เครื่องรับเงินและระบบขาย | WINNER ITรับซื้ออุปกรณ์ POS โคราช","WINNER IT รับซื้อ POS ลิ้นชัก เครื่องสแกน เครื่องพิมพ์ใบเสร็จ ในโคราช ประเมินผ่าน LINE @buyhub","รับซื้ออุปกรณ์ POS โคราช","อุปกรณ์ POS มือสอง | ร้านปิดกิจการ | ซอฟต์แวร์ | หลายสาขา | เสีย | เอกสาร | โคราช | ราคา | เจ้าของ | ติดต่อ | ขั้นตอนการขายกับ WINNER IT ในโคราช | เรื่องราคาและการประเมินเบื้องต้น | พื้นที่ให้บริการในนครราชสีมา | สินค้าที่ไม่รับและข้อจำกัดด้านความปลอดภัย | การยืนยันเจ้าของและความปลอดภัย | คำถามที่พบบ่อย | พร้อมขายแล้ว ส่งรายละเอียดมาได้เลย","","2100","1802","yes","yes","yes","yes","11","6","5","8","1","0","0","n/a","0","0","0","not required","Product service:/รับซื้อสินค้าไอที","5","5","Strong","Strong","","Keep as is"
"/รับซื้ออุปกรณ์คอมพิวเตอร์-โคราช","src/content/services/รับซื้ออุปกรณ์คอมพิวเตอร์-โคราช.md","Product service","/รับซื้อคอมพิวเตอร์-โคราช","รับซื้ออุปกรณ์คอมพิวเตอร์ โคราช","Product transactional; Product service; รับซื้ออุปกรณ์คอมพิวเตอร์-โคราช","Product transactional","Decision","LINE/phone conversion","Korat/Nakhon Ratchasima","รับซื้ออุปกรณ์คอมพิวเตอร์ โคราช","none","Individual or business","รับซื้ออุปกรณ์คอมพิวเตอร์ โคราช อุปกรณ์เสริมและพาร์ท | WINNER ITรับซื้ออุปกรณ์คอมพิวเตอร์ โคราช","รับซื้ออุปกรณ์คอมพิวเตอร์ คีย์บอร์ด เมาส์ เคส พาวเวอร์ซัพพลาย ในโคราช ประเมินผ่าน LINE @buyhub","รับซื้ออุปกรณ์คอมพิวเตอร์ โคราช","อุปกรณ์คอมหลากหลายประเภท | พาวเวอร์ซัพพลายและเคส | คีย์บอร์ด mechanical | ขายหลายชิ้น | อุปกรณ์เสีย | ไม่มีกล่อง | ของเก่า | นโยบาย | โคราช | ราคา | ขั้นตอนการขายกับ WINNER IT ในโคราช | เรื่องราคาและการประเมินเบื้องต้น | พื้นที่ให้บริการในนครราชสีมา | สินค้าที่ไม่รับและข้อจำกัดด้านความปลอดภัย | การยืนยันเจ้าของและความปลอดภัย | คำถามที่พบบ่อย | พร้อมขายแล้ว ส่งรายละเอียดมาได้เลย","","2150","1814","yes","yes","yes","yes","11","6","5","8","1","0","0","n/a","0","0","0","not required","Product service:/รับซื้อคอมพิวเตอร์-โคราช","5","5","Strong","Strong","","Keep as is"
"/รับซื้ออุปกรณ์สำนักงาน","src/content/services/รับซื้ออุปกรณ์สำนักงาน.md","B2B/bulk","/รับซื้อสินค้าไอที","รับซื้ออุปกรณ์สำนักงาน","B2B/bulk transactional; B2B/bulk; รับซื้ออุปกรณ์สำนักงาน","B2B/bulk transactional","Decision","LINE/phone conversion","Korat/Nakhon Ratchasima","none","none","Business/organization","รับซื้ออุปกรณ์สำนักงาน โคราช | WINNER ITรับซื้ออุปกรณ์สำนักงาน","WINNER IT รับซื้ออุปกรณ์สำนักงานในโคราช คอม จอ โทรศัพท์ ปริ้น ประเมินยกชุด ผ่าน LINE @buyhub","รับซื้ออุปกรณ์สำนักงาน","อุปกรณ์สำนักงาน | รายการ asset | data wipe | นัดรับ | เอกสาร | ราคา | เจ้าของ | ติดต่อ | พื้นที่ | ล็อต | ขั้นตอนการขายกับ WINNER IT ในโคราช | เรื่องราคาและการประเมินเบื้องต้น | พื้นที่ให้บริการในนครราชสีมา | สินค้าที่ไม่รับและข้อจำกัดด้านความปลอดภัย | การยืนยันเจ้าของและความปลอดภัย | คำถามที่พบบ่อย | พร้อมขายแล้ว ส่งรายละเอียดมาได้เลย","","2166","1841","no","yes","yes","yes","11","6","5","8","7","0","0","n/a","0","0","0","not required","B2B/bulk:/รับซื้อสินค้าไอที","4","5","Missing","Strong","ไม่พบคำตอบต้นหน้าที่ชัดเจน","Keep as is"
"/รับซื้อเครื่องปริ้น-โคราช","src/content/services/รับซื้อเครื่องปริ้น-โคราช.md","Product service","/รับซื้อสินค้าไอที","รับซื้อเครื่องปริ้น โคราช","Product transactional; Product service; รับซื้อเครื่องปริ้น-โคราช","Product transactional","Decision","LINE/phone conversion","Korat/Nakhon Ratchasima","รับซื้อเครื่องปริ้น โคราช","none","Individual or business","รับซื้อเครื่องปริ้น โคราช เครื่องพิมพ์สำนักงานมือสอง | WINNER ITรับซื้อเครื่องปริ้น โคราช","รับซื้อเครื่องปริ้น inkjet laser ในโคราช ตรวจหัวพิมพ์ ยกเลิกล็อก ประเมินผ่าน LINE @buyhub","รับซื้อเครื่องปริ้น โคราช","เครื่องปริ้นมือสอง | เครื่องใหญ่ | หมึกและ drum | หลายเครื่อง | เสีย | เจ้าของ | โคราช | ราคา | กล่อง | ติดต่อ | ขั้นตอนการขายกับ WINNER IT ในโคราช | เรื่องราคาและการประเมินเบื้องต้น | พื้นที่ให้บริการในนครราชสีมา | สินค้าที่ไม่รับและข้อจำกัดด้านความปลอดภัย | การยืนยันเจ้าของและความปลอดภัย | คำถามที่พบบ่อย | พร้อมขายแล้ว ส่งรายละเอียดมาได้เลย","","2109","1811","yes","yes","yes","yes","11","6","5","8","1","0","0","n/a","0","0","0","not required","Product service:/รับซื้อสินค้าไอที","5","5","Strong","Strong","","Keep as is"
"/รับซื้อเครื่องเกม-โคราช","src/content/services/รับซื้อเครื่องเกม-โคราช.md","Product service","/รับซื้อเครื่องเกม-โคราช","รับซื้อเครื่องเกม โคราช","Product transactional; Product service; รับซื้อเครื่องเกม-โคราช","Product transactional","Decision","LINE/phone conversion","Korat/Nakhon Ratchasima","รับซื้อเครื่องเกม โคราช","none","Individual or business","รับซื้อเครื่องเกม โคราช คอนโซลและอุปกรณ์เกมมิ่ง | WINNER ITรับซื้อเครื่องเกม โคราช","WINNER IT รับซื้อเครื่องเกมหลายยี่ห้อในโคราช Xbox Steam Deck ประเมินผ่าน LINE @buyhub","รับซื้อเครื่องเกม โคราช","เครื่องเกมหลายแพลตฟอร์ม | Steam Deck และพกพา | คอนโซลเก่า | เกมและอุปกรณ์เสริม | ล็อกบัญชี | กล่อง | เสีย | โคราช | เจ้าของ | ราคา | ขั้นตอนการขายกับ WINNER IT ในโคราช | เรื่องราคาและการประเมินเบื้องต้น | พื้นที่ให้บริการในนครราชสีมา | สินค้าที่ไม่รับและข้อจำกัดด้านความปลอดภัย | การยืนยันเจ้าของและความปลอดภัย | คำถามที่พบบ่อย | พร้อมขายแล้ว ส่งรายละเอียดมาได้เลย","","2129","1813","no","yes","yes","yes","11","6","5","8","4","0","0","n/a","0","0","0","not required","Product service:/รับซื้อเครื่องเกม-โคราช","4","5","Missing","Strong","ไม่พบคำตอบต้นหน้าที่ชัดเจน","Keep as is"
"/รับซื้อเมนบอร์ด-โคราช","src/content/services/รับซื้อเมนบอร์ด-โคราช.md","Product service","/รับซื้อคอมพิวเตอร์-โคราช","รับซื้อเมนบอร์ด โคราช","Product transactional; Product service; รับซื้อเมนบอร์ด-โคราช","Product transactional","Decision","LINE/phone conversion","Korat/Nakhon Ratchasima","รับซื้อเมนบอร์ด โคราช","none","Individual or business","รับซื้อเมนบอร์ด โคราช ประเมิน Mainboard Intel AMD มือสอง | WINNER ITรับซื้อเมนบอร์ด โคราช","WINNER IT รับซื้อเมนบอร์ดมือสองในโคราช ตรวจ socket สlots รอยไหม้ ประวัติซ่อม ประเมินผ่าน LINE @buyhub","รับซื้อเมนบอร์ด โคราช","เมนบอร์ดมือสองและมูลค่าตลาด | สิ่งที่ตรวจก่อนรับซื้อ | เมนบอร์ดเก่าและรุ่นใหม่ | การเตรียมสินค้า | เมนบอร์ดเสีย | ขายพร้อม CPU | กล่องและอุปกรณ์ | นโยบายเจ้าของ | พื้นที่บริการ | ราคาและการต่อรอง | ขั้นตอนการขายกับ WINNER IT ในโคราช | เรื่องราคาและการประเมินเบื้องต้น | พื้นที่ให้บริการในนครราชสีมา | สินค้าที่ไม่รับและข้อจำกัดด้านความปลอดภัย | การยืนยันเจ้าของและความปลอดภัย | คำถามที่พบบ่อย | พร้อมขายแล้ว ส่งรายละเอียดมาได้เลย","","2177","1845","yes","yes","yes","yes","11","6","5","8","1","0","0","n/a","0","0","0","not required","Product service:/รับซื้อคอมพิวเตอร์-โคราช","5","5","Strong","Strong","","Keep as is"
"/รับซื้อเลนส์กล้อง-โคราช","src/content/services/รับซื้อเลนส์กล้อง-โคราช.md","Product service","/รับซื้อกล้อง-โคราช","รับซื้อเลนส์กล้อง โคราช","Product transactional; Product service; รับซื้อเลนส์กล้อง-โคราช","Product transactional","Decision","LINE/phone conversion","Korat/Nakhon Ratchasima","รับซื้อเลนส์กล้อง โคราช","none","Individual or business","รับซื้อเลนส์กล้อง โคราช เลนส์ Canon Sony Nikon มือสอง | WINNER ITรับซื้อเลนส์กล้อง โคราช","รับซื้อเลนส์กล้องมือสองในโคราช ตรวจแก้ว โฟกัส รอยฝุ่น mount ประเมินผ่าน LINE @buyhub","รับซื้อเลนส์กล้อง โคราช","เลนส์มือสองและมูลค่า | เลนส์ prime และ zoom | อุปกรณ์ครบ | เลนส์หยดน้ำ | ทดสอบโฟกัส | เลนส์แปลง mount | หลายตัว | เจ้าของ | โคราช | ราคา | ขั้นตอนการขายกับ WINNER IT ในโคราช | เรื่องราคาและการประเมินเบื้องต้น | พื้นที่ให้บริการในนครราชสีมา | สินค้าที่ไม่รับและข้อจำกัดด้านความปลอดภัย | การยืนยันเจ้าของและความปลอดภัย | คำถามที่พบบ่อย | พร้อมขายแล้ว ส่งรายละเอียดมาได้เลย","","2166","1847","yes","yes","yes","yes","11","6","5","8","1","0","0","n/a","0","0","0","not required","Product service:/รับซื้อกล้อง-โคราช","5","5","Strong","Strong","","Keep as is"
"/รับซื้อเวิร์กสเตชัน-โคราช","src/content/services/รับซื้อเวิร์กสเตชัน-โคราช.md","Product service","/รับซื้อคอมพิวเตอร์-โคราช","รับซื้อเวิร์กสเตชัน โคราช งานกราฟิก ตัดต่อ ประเมินผ่าน LINE","Product transactional; Product service; รับซื้อเวิร์กสเตชัน-โคราช","Product transactional","Decision","LINE/phone conversion","Korat/Nakhon Ratchasima","รับซื้อเวิร์กสเตชัน โคราช งานกราฟิก ตัดต่อ ประเมินผ่าน LINE","none","Individual or business","รับซื้อเวิร์กสเตชัน โคราช | งานกราฟิก ตัดต่อ ประเมินผ่าน LINE | WINNER ITรับซื้อเวิร์กสเตชัน โคราช งานกราฟิก ตัดต่อ ประเมินผ่าน LINE","รับซื้อเวิร์กสเตชันมือสองในโคราช ตรวจ CPU หลายคอร์ RAM สูง การ์ดจอ Quadro ก่อนสรุปราคา เริ่มผ่าน LINE @buyhub","รับซื้อเวิร์กสเตชัน โคราช งานกราฟิก ตัดต่อ ประเมินผ่าน LINE","ตอบคำถามก่อน: ขายเวิร์กสเตชันในโคราชทำอย่างไร | รุ่นและสินค้าที่รับประเมิน | กลุ่มผู้ขายที่เราให้บริการบ่อย | ปัจจัยที่ส่งผลต่อราคาประเมิน | สภาพและประวัติที่ควรแจ้งตรงไปตรงมา | สิ่งที่ควรเตรียมก่อนส่งข้อมูล | ขั้นตอนประเมินผ่าน LINE @buyhub | การนัดรับและการส่งสินค้า | การลบข้อมูลและความเป็นส่วนตัว | การยืนยันเจ้าของและเอกสาร | สินค้าที่ไม่รับและข้อจำกัดด้านความปลอดภัย | ตัวอย่างสถานการณ์ที่พบบ่อย (ไม่ใช่รีวิวลูกค้า) | เคล็ดลับก่อนขายเพื่อให้ประเมินราบรื่น | ขั้นตอนการขายเวิร์กสเตชันกับ WINNER IT ในโคราช | เรื่องราคาและการประเมินเบื้องต้น | พื้นที่ให้บริการในนครราชสีมา | ลิงก์ที่เกี่ยวข้องภายในเว็บไซต์ | การยืนยันเจ้าของและความปลอดภัย | คำถามที่พบบ่อย | บริการที่เกี่ยวข้อง | พร้อมขายแล้ว ส่งรายละเอียดมาได้เลย","","2523","1928","yes","yes","yes","yes","11","6","5","10","2","14","5","n/a","0","0","0","not required","Product service:/รับซื้อคอมพิวเตอร์-โคราช","5","5","Strong","Strong","","Keep as is"
"/รับซื้อแท็บเล็ต-โคราช","src/content/services/รับซื้อแท็บเล็ต-โคราช.md","Product service","/รับซื้อโทรศัพท์มือถือ-โคราช","รับซื้อแท็บเล็ต โคราช ประเมินผ่าน LINE นัดรับตามสะดวก","Product transactional; Product service; รับซื้อแท็บเล็ต-โคราช","Product transactional","Decision","LINE/phone conversion","Korat/Nakhon Ratchasima","รับซื้อแท็บเล็ต โคราช ประเมินผ่าน LINE นัดรับตามสะดวก","none","Individual or business","รับซื้อแท็บเล็ต โคราช | iPad Samsung ประเมินผ่าน LINE | WINNER ITรับซื้อแท็บเล็ต โคราช ประเมินผ่าน LINE นัดรับตามสะดวก","รับซื้อแท็บเล็ตมือสองในโคราช iPad Samsung และยี่ห้ออื่น ตรวจสภาพจอและล็อกบัญชีก่อนสรุปราคา เริ่มผ่าน LINE @buyhub","รับซื้อแท็บเล็ต โคราช ประเมินผ่าน LINE นัดรับตามสะดวก","ตอบคำถามก่อน: ขายแท็บเล็ตในโคราชทำอย่างไร | รุ่นและสินค้าที่รับประเมิน | กลุ่มผู้ขายที่เราให้บริการบ่อย | ปัจจัยที่ส่งผลต่อราคาประเมิน | สภาพและประวัติที่ควรแจ้งตรงไปตรงมา | สิ่งที่ควรเตรียมก่อนส่งข้อมูล | ขั้นตอนประเมินผ่าน LINE @buyhub | การนัดรับและการส่งสินค้า | การลบข้อมูลและความเป็นส่วนตัว | การยืนยันเจ้าของและเอกสาร | สินค้าที่ไม่รับและข้อจำกัดด้านความปลอดภัย | ตัวอย่างสถานการณ์ที่พบบ่อย (ไม่ใช่รีวิวลูกค้า) | เคล็ดลับก่อนขายเพื่อให้ประเมินราบรื่น | ขั้นตอนการขายแท็บเล็ตกับ WINNER IT ในโคราช | เรื่องราคาและการประเมินเบื้องต้น | พื้นที่ให้บริการในนครราชสีมา | ลิงก์ที่เกี่ยวข้องภายในเว็บไซต์ | การยืนยันเจ้าของและความปลอดภัย | คำถามที่พบบ่อย | บริการที่เกี่ยวข้อง | พร้อมขายแล้ว ส่งรายละเอียดมาได้เลย","","2495","1912","yes","yes","yes","yes","11","6","5","10","3","14","5","n/a","0","0","0","not required","Product service:/รับซื้อโทรศัพท์มือถือ-โคราช","5","5","Strong","Strong","","Keep as is"
"/รับซื้อแรม-โคราช","src/content/services/รับซื้อแรม-โคราช.md","Product service","/รับซื้อคอมพิวเตอร์-โคราช","รับซื้อแรม โคราช","Product transactional; Product service; รับซื้อแรม-โคราช","Product transactional","Decision","LINE/phone conversion","Korat/Nakhon Ratchasima","รับซื้อแรม โคราช","none","Individual or business","รับซื้อแรม โคราช RAM DDR4 DDR5 มือสอง | WINNER ITรับซื้อแรม โคราช","รับซื้อ RAM คอมพิวเตอร์มือสองในโคราช ตรวจความจุความเร็วแบรนด์และสภาพ ประเมินผ่าน LINE @buyhub","รับซื้อแรม โคราช","ตลาด RAM มือสองในโคราช | การทดสอบแรม | แรมเกมและ RGB | ขายเป็นชุดหรือเดี่ยว | แรมโน๊ตบุ๊ค | ของปลอมและแปลง | ไม่มีกล่อง | รับซื้อหลายชุด | โคราชนัดหมาย | disclaimer ราคา | ขั้นตอนการขายกับ WINNER IT ในโคราช | เรื่องราคาและการประเมินเบื้องต้น | พื้นที่ให้บริการในนครราชสีมา | สินค้าที่ไม่รับและข้อจำกัดด้านความปลอดภัย | การยืนยันเจ้าของและความปลอดภัย | คำถามที่พบบ่อย | พร้อมขายแล้ว ส่งรายละเอียดมาได้เลย","","2141","1812","yes","yes","yes","yes","11","6","5","8","1","0","0","n/a","0","0","0","not required","Product service:/รับซื้อคอมพิวเตอร์-โคราช","5","5","Strong","Strong","","Keep as is"
"/รับซื้อโทรศัพท์-android-โคราช","src/content/services/รับซื้อโทรศัพท์-android-โคราช.md","Product service","/รับซื้อโทรศัพท์มือถือ-โคราช","รับซื้อโทรศัพท์ Android โคราช ประเมินผ่าน LINE","Product transactional; Product service; รับซื้อโทรศัพท์-android-โคราช","Product transactional","Decision","LINE/phone conversion","Korat/Nakhon Ratchasima","รับซื้อโทรศัพท์ Android โคราช ประเมินผ่าน LINE","none","Individual or business","รับซื้อโทรศัพท์ Android โคราช | ประเมินผ่าน LINE | WINNER ITรับซื้อโทรศัพท์ Android โคราช ประเมินผ่าน LINE","รับซื้อโทรศัพท์ Android มือสองในโคราช ตรวจ Google Account สภาพจอ และสเปกก่อนสรุปราคา เริ่มผ่าน LINE @buyhub","รับซื้อโทรศัพท์ Android โคราช ประเมินผ่าน LINE","ตอบคำถามก่อน: ขายโทรศัพท์ Android ในโคราชทำอย่างไร | รุ่นและสินค้าที่รับประเมิน | กลุ่มผู้ขายที่เราให้บริการบ่อย | ปัจจัยที่ส่งผลต่อราคาประเมิน | สภาพและประวัติที่ควรแจ้งตรงไปตรงมา | สิ่งที่ควรเตรียมก่อนส่งข้อมูล | ขั้นตอนประเมินผ่าน LINE @buyhub | การนัดรับและการส่งสินค้า | การลบข้อมูลและความเป็นส่วนตัว | การยืนยันเจ้าของและเอกสาร | สินค้าที่ไม่รับและข้อจำกัดด้านความปลอดภัย | ตัวอย่างสถานการณ์ที่พบบ่อย (ไม่ใช่รีวิวลูกค้า) | เคล็ดลับก่อนขายเพื่อให้ประเมินราบรื่น | ขั้นตอนการขายโทรศัพท์ Androidกับ WINNER IT ในโคราช | เรื่องราคาและการประเมินเบื้องต้น | พื้นที่ให้บริการในนครราชสีมา | ลิงก์ที่เกี่ยวข้องภายในเว็บไซต์ | การยืนยันเจ้าของและความปลอดภัย | คำถามที่พบบ่อย | บริการที่เกี่ยวข้อง | พร้อมขายแล้ว ส่งรายละเอียดมาได้เลย","","2438","1864","yes","yes","yes","yes","11","6","5","10","5","13","5","n/a","0","0","0","not required","Product service:/รับซื้อโทรศัพท์มือถือ-โคราช","5","5","Strong","Strong","","Keep as is"
"/รับซื้อโทรศัพท์-oppo-โคราช","src/content/services/รับซื้อโทรศัพท์-oppo-โคราช.md","Product service","/รับซื้อโทรศัพท์มือถือ-โคราช","รับซื้อโทรศัพท์ OPPO โคราช ประเมินผ่าน LINE","Brand transactional; Product service; รับซื้อโทรศัพท์-oppo-โคราช","Brand transactional","Decision","LINE/phone conversion","Korat/Nakhon Ratchasima","รับซื้อโทรศัพท์ OPPO โคราช ประเมินผ่าน LINE","none","Individual or business","รับซื้อโทรศัพท์ OPPO โคราช | ประเมินผ่าน LINE | WINNER ITรับซื้อโทรศัพท์ OPPO โคราช ประเมินผ่าน LINE","รับซื้อโทรศัพท์ OPPO มือสองในโคราช ตรวจ OPPO Account สภาพจอ และกล้องก่อนสรุปราคา เริ่มผ่าน LINE @buyhub","รับซื้อโทรศัพท์ OPPO โคราช ประเมินผ่าน LINE","ตอบคำถามก่อน: ขาย OPPO ในโคราชทำอย่างไร | รุ่นและสินค้าที่รับประเมิน | กลุ่มผู้ขายที่เราให้บริการบ่อย | ปัจจัยที่ส่งผลต่อราคาประเมิน | สภาพและประวัติที่ควรแจ้งตรงไปตรงมา | สิ่งที่ควรเตรียมก่อนส่งข้อมูล | ขั้นตอนประเมินผ่าน LINE @buyhub | การนัดรับและการส่งสินค้า | การลบข้อมูลและความเป็นส่วนตัว | การยืนยันเจ้าของและเอกสาร | สินค้าที่ไม่รับและข้อจำกัดด้านความปลอดภัย | ตัวอย่างสถานการณ์ที่พบบ่อย (ไม่ใช่รีวิวลูกค้า) | เคล็ดลับก่อนขายเพื่อให้ประเมินราบรื่น | ขั้นตอนการขายโทรศัพท์ OPPOกับ WINNER IT ในโคราช | เรื่องราคาและการประเมินเบื้องต้น | พื้นที่ให้บริการในนครราชสีมา | ลิงก์ที่เกี่ยวข้องภายในเว็บไซต์ | การยืนยันเจ้าของและความปลอดภัย | คำถามที่พบบ่อย | บริการที่เกี่ยวข้อง | พร้อมขายแล้ว ส่งรายละเอียดมาได้เลย","","2404","1837","yes","yes","yes","yes","11","6","5","10","3","13","5","n/a","0","0","0","not required","Product service:/รับซื้อโทรศัพท์มือถือ-โคราช","5","5","Strong","Strong","","Keep as is"
"/รับซื้อโทรศัพท์-samsung-โคราช","src/content/services/รับซื้อโทรศัพท์-samsung-โคราช.md","Product service","/รับซื้อโทรศัพท์มือถือ-โคราช","รับซื้อโทรศัพท์ Samsung โคราช ประเมินผ่าน LINE","Brand transactional; Product service; รับซื้อโทรศัพท์-samsung-โคราช","Brand transactional","Decision","LINE/phone conversion","Korat/Nakhon Ratchasima","รับซื้อโทรศัพท์ Samsung โคราช ประเมินผ่าน LINE","none","Individual or business","รับซื้อโทรศัพท์ Samsung โคราช | Galaxy ประเมินผ่าน LINE | WINNER ITรับซื้อโทรศัพท์ Samsung โคราช ประเมินผ่าน LINE","รับซื้อโทรศัพท์ Samsung Galaxy มือสองในโคราช ตรวจ Samsung Account สภาพจอ และ S Pen ก่อนสรุปราคา เริ่มผ่าน LINE @buyhub","รับซื้อโทรศัพท์ Samsung โคราช ประเมินผ่าน LINE","ตอบคำถามก่อน: ขาย Samsung ในโคราชทำอย่างไร | รุ่นและสินค้าที่รับประเมิน | กลุ่มผู้ขายที่เราให้บริการบ่อย | ปัจจัยที่ส่งผลต่อราคาประเมิน | สภาพและประวัติที่ควรแจ้งตรงไปตรงมา | สิ่งที่ควรเตรียมก่อนส่งข้อมูล | ขั้นตอนประเมินผ่าน LINE @buyhub | การนัดรับและการส่งสินค้า | การลบข้อมูลและความเป็นส่วนตัว | การยืนยันเจ้าของและเอกสาร | สินค้าที่ไม่รับและข้อจำกัดด้านความปลอดภัย | ตัวอย่างสถานการณ์ที่พบบ่อย (ไม่ใช่รีวิวลูกค้า) | เคล็ดลับก่อนขายเพื่อให้ประเมินราบรื่น | ขั้นตอนการขายโทรศัพท์ Samsungกับ WINNER IT ในโคราช | เรื่องราคาและการประเมินเบื้องต้น | พื้นที่ให้บริการในนครราชสีมา | ลิงก์ที่เกี่ยวข้องภายในเว็บไซต์ | การยืนยันเจ้าของและความปลอดภัย | คำถามที่พบบ่อย | บริการที่เกี่ยวข้อง | พร้อมขายแล้ว ส่งรายละเอียดมาได้เลย","","2476","1906","yes","yes","yes","yes","11","6","5","10","3","13","5","n/a","0","0","0","not required","Product service:/รับซื้อโทรศัพท์มือถือ-โคราช","5","5","Strong","Strong","","Keep as is"
"/รับซื้อโทรศัพท์-vivo-โคราช","src/content/services/รับซื้อโทรศัพท์-vivo-โคราช.md","Product service","/รับซื้อโทรศัพท์มือถือ-โคราช","รับซื้อโทรศัพท์ vivo โคราช ประเมินผ่าน LINE","Brand transactional; Product service; รับซื้อโทรศัพท์-vivo-โคราช","Brand transactional","Decision","LINE/phone conversion","Korat/Nakhon Ratchasima","รับซื้อโทรศัพท์ vivo โคราช ประเมินผ่าน LINE","none","Individual or business","รับซื้อโทรศัพท์ vivo โคราช | ประเมินผ่าน LINE | WINNER ITรับซื้อโทรศัพท์ vivo โคราช ประเมินผ่าน LINE","รับซื้อโทรศัพท์ vivo มือสองในโคราช ตรวจ vivo Account สภาพจอ และกล้องก่อนสรุปราคา เริ่มผ่าน LINE @buyhub","รับซื้อโทรศัพท์ vivo โคราช ประเมินผ่าน LINE","ตอบคำถามก่อน: ขาย vivo ในโคราชทำอย่างไร | รุ่นและสินค้าที่รับประเมิน | กลุ่มผู้ขายที่เราให้บริการบ่อย | ปัจจัยที่ส่งผลต่อราคาประเมิน | สภาพและประวัติที่ควรแจ้งตรงไปตรงมา | สิ่งที่ควรเตรียมก่อนส่งข้อมูล | ขั้นตอนประเมินผ่าน LINE @buyhub | การนัดรับและการส่งสินค้า | การลบข้อมูลและความเป็นส่วนตัว | การยืนยันเจ้าของและเอกสาร | สินค้าที่ไม่รับและข้อจำกัดด้านความปลอดภัย | ตัวอย่างสถานการณ์ที่พบบ่อย (ไม่ใช่รีวิวลูกค้า) | เคล็ดลับก่อนขายเพื่อให้ประเมินราบรื่น | ขั้นตอนการขายโทรศัพท์ vivoกับ WINNER IT ในโคราช | เรื่องราคาและการประเมินเบื้องต้น | พื้นที่ให้บริการในนครราชสีมา | ลิงก์ที่เกี่ยวข้องภายในเว็บไซต์ | การยืนยันเจ้าของและความปลอดภัย | คำถามที่พบบ่อย | บริการที่เกี่ยวข้อง | พร้อมขายแล้ว ส่งรายละเอียดมาได้เลย","","2369","1803","yes","yes","yes","yes","11","6","5","10","1","13","5","n/a","0","0","0","not required","Product service:/รับซื้อโทรศัพท์มือถือ-โคราช","5","5","Strong","Strong","","Keep as is"
"/รับซื้อโทรศัพท์-xiaomi-redmi-poco-โคราช","src/content/services/รับซื้อโทรศัพท์-xiaomi-redmi-poco-โคราช.md","Product service","/รับซื้อโทรศัพท์มือถือ-โคราช","รับซื้อโทรศัพท์ Xiaomi Redmi POCO โคราช ประเมินผ่าน LINE","Brand transactional; Product service; รับซื้อโทรศัพท์-xiaomi-redmi-poco-โคราช","Brand transactional","Decision","LINE/phone conversion","Korat/Nakhon Ratchasima","รับซื้อโทรศัพท์ Xiaomi Redmi POCO โคราช ประเมินผ่าน LINE","none","Individual or business","รับซื้อโทรศัพท์ Xiaomi Redmi POCO โคราช | ประเมินผ่าน LINE | WINNER ITรับซื้อโทรศัพท์ Xiaomi Redmi POCO โคราช ประเมินผ่าน LINE","รับซื้อ Xiaomi Redmi POCO มือสองในโคราช ตรวจ Mi Account สภาพจอ และสเปกก่อนสรุปราคา เริ่มผ่าน LINE @buyhub","รับซื้อโทรศัพท์ Xiaomi Redmi POCO โคราช ประเมินผ่าน LINE","ตอบคำถามก่อน: ขาย Xiaomi Redmi POCO ในโคราชทำอย่างไร | รุ่นและสินค้าที่รับประเมิน | กลุ่มผู้ขายที่เราให้บริการบ่อย | ปัจจัยที่ส่งผลต่อราคาประเมิน | สภาพและประวัติที่ควรแจ้งตรงไปตรงมา | สิ่งที่ควรเตรียมก่อนส่งข้อมูล | ขั้นตอนประเมินผ่าน LINE @buyhub | การนัดรับและการส่งสินค้า | การลบข้อมูลและความเป็นส่วนตัว | การยืนยันเจ้าของและเอกสาร | สินค้าที่ไม่รับและข้อจำกัดด้านความปลอดภัย | ตัวอย่างสถานการณ์ที่พบบ่อย (ไม่ใช่รีวิวลูกค้า) | เคล็ดลับก่อนขายเพื่อให้ประเมินราบรื่น | ขั้นตอนการขายโทรศัพท์ Xiaomi / Redmi / POCOกับ WINNER IT ในโคราช | เรื่องราคาและการประเมินเบื้องต้น | พื้นที่ให้บริการในนครราชสีมา | ลิงก์ที่เกี่ยวข้องภายในเว็บไซต์ | การยืนยันเจ้าของและความปลอดภัย | คำถามที่พบบ่อย | บริการที่เกี่ยวข้อง | พร้อมขายแล้ว ส่งรายละเอียดมาได้เลย","","2410","1832","yes","yes","yes","yes","11","6","5","10","1","13","5","n/a","0","0","0","not required","Product service:/รับซื้อโทรศัพท์มือถือ-โคราช","5","5","Strong","Strong","","Keep as is"
"/รับซื้อโทรศัพท์จอแตก-โคราช","src/content/services/รับซื้อโทรศัพท์จอแตก-โคราช.md","Condition","/รับซื้อโทรศัพท์มือถือ-โคราช","รับซื้อโทรศัพท์จอแตก โคราช","Condition transactional; Condition; รับซื้อโทรศัพท์จอแตก-โคราช","Condition transactional","Decision","LINE/phone conversion","Korat/Nakhon Ratchasima","รับซื้อโทรศัพท์จอแตก โคราช","รับซื้อโทรศัพท์จอแตก โคราช","Individual or business","รับซื้อโทรศัพท์จอแตก โคราช | WINNER ITรับซื้อโทรศัพท์จอแตก โคราช","รับซื้อมือถือจอแตกในโคราช iPhone Samsung ประเมินตามรุ่นและ touch ผ่าน LINE @buyhub","รับซื้อโทรศัพท์จอแตก โคราช","มือถือจอแตก | Touch และจอ | ล็อก | รูป | แบต | ราคา | โคราช | เจ้าของ | ติดต่อ | ขั้นตอนการขายกับ WINNER IT ในโคราช | เรื่องราคาและการประเมินเบื้องต้น | พื้นที่ให้บริการในนครราชสีมา | สินค้าที่ไม่รับและข้อจำกัดด้านความปลอดภัย | การยืนยันเจ้าของและความปลอดภัย | คำถามที่พบบ่อย | พร้อมขายแล้ว ส่งรายละเอียดมาได้เลย","","2109","1800","no","yes","yes","yes","11","6","5","8","1","0","0","n/a","0","0","0","not required","Condition:/รับซื้อโทรศัพท์มือถือ-โคราช","4","5","Missing","Strong","ไม่พบคำตอบต้นหน้าที่ชัดเจน","Keep as is"
"/รับซื้อโทรศัพท์มือถือ-โคราช","src/content/services/รับซื้อโทรศัพท์มือถือ-โคราช.md","Product service","/รับซื้อโทรศัพท์มือถือ-โคราช","รับซื้อโทรศัพท์มือถือ โคราช ประเมินผ่าน LINE นัดรับตามสะดวก","Product transactional; Product service; รับซื้อโทรศัพท์มือถือ-โคราช","Product transactional","Decision","LINE/phone conversion","Korat/Nakhon Ratchasima","รับซื้อโทรศัพท์มือถือ โคราช ประเมินผ่าน LINE นัดรับตามสะดวก","none","Individual or business","รับซื้อโทรศัพท์มือถือ โคราช | ทุกยี่ห้อ ประเมินผ่าน LINE | WINNER ITรับซื้อโทรศัพท์มือถือ โคราช ประเมินผ่าน LINE นัดรับตามสะดวก","รับซื้อโทรศัพท์มือถือมือสองในโคราช ทุกยี่ห้อ iPhone Samsung Android ตรวจสภาพและล็อกบัญชีก่อนสรุปราคา เริ่มผ่าน LINE @buyhub","รับซื้อโทรศัพท์มือถือ โคราช ประเมินผ่าน LINE นัดรับตามสะดวก","ตอบคำถามก่อน: ขายโทรศัพท์มือถือในโคราชทำอย่างไร | รุ่นและสินค้าที่รับประเมิน | กลุ่มผู้ขายที่เราให้บริการบ่อย | ปัจจัยที่ส่งผลต่อราคาประเมิน | สภาพและประวัติที่ควรแจ้งตรงไปตรงมา | สิ่งที่ควรเตรียมก่อนส่งข้อมูล | ขั้นตอนประเมินผ่าน LINE @buyhub | การนัดรับและการส่งสินค้า | การลบข้อมูลและความเป็นส่วนตัว | การยืนยันเจ้าของและเอกสาร | สินค้าที่ไม่รับและข้อจำกัดด้านความปลอดภัย | ตัวอย่างสถานการณ์ที่พบบ่อย (ไม่ใช่รีวิวลูกค้า) | เคล็ดลับก่อนขายเพื่อให้ประเมินราบรื่น | ขั้นตอนการขายโทรศัพท์มือถือกับ WINNER IT ในโคราช | เรื่องราคาและการประเมินเบื้องต้น | พื้นที่ให้บริการในนครราชสีมา | ลิงก์ที่เกี่ยวข้องภายในเว็บไซต์ | การยืนยันเจ้าของและความปลอดภัย | คำถามที่พบบ่อย | บริการที่เกี่ยวข้อง | พร้อมขายแล้ว ส่งรายละเอียดมาได้เลย","","2581","1993","yes","yes","yes","yes","11","6","5","10","8","15","5","n/a","0","0","0","not required","Product service:/รับซื้อโทรศัพท์มือถือ-โคราช","5","5","Strong","Strong","","Keep as is"
"/รับซื้อโน๊ตบุ๊ค-โคราช","src/content/services/รับซื้อโน๊ตบุ๊ค-โคราช.md","Product service","/รับซื้อโน๊ตบุ๊ค-โคราช","รับซื้อโน๊ตบุ๊ค โคราช ประเมินผ่าน LINE นัดรับตามสะดวก","Product transactional; Product service; รับซื้อโน๊ตบุ๊ค-โคราช","Product transactional","Decision","LINE/phone conversion","Korat/Nakhon Ratchasima","รับซื้อโน๊ตบุ๊ค โคราช ประเมินผ่าน LINE นัดรับตามสะดวก","none","Individual or business","รับซื้อโน๊ตบุ๊ค โคราช | ทุกยี่ห้อ ประเมินผ่าน LINE | WINNER ITรับซื้อโน๊ตบุ๊ค โคราช ประเมินผ่าน LINE นัดรับตามสะดวก","รับซื้อโน๊ตบุ๊คมือสองในโคราช Dell HP Lenovo ASUS Acer MacBook ตรวจสเปก จอ และแบตเตอรี่ก่อนสรุปราคา เริ่มผ่าน LINE @buyhub","รับซื้อโน๊ตบุ๊ค โคราช ประเมินผ่าน LINE นัดรับตามสะดวก","ตอบคำถามก่อน: ขายโน๊ตบุ๊คในโคราชทำอย่างไร | รุ่นและสินค้าที่รับประเมิน | กลุ่มผู้ขายที่เราให้บริการบ่อย | ปัจจัยที่ส่งผลต่อราคาประเมิน | สภาพและประวัติที่ควรแจ้งตรงไปตรงมา | สิ่งที่ควรเตรียมก่อนส่งข้อมูล | ขั้นตอนประเมินผ่าน LINE @buyhub | การนัดรับและการส่งสินค้า | การลบข้อมูลและความเป็นส่วนตัว | การยืนยันเจ้าของและเอกสาร | สินค้าที่ไม่รับและข้อจำกัดด้านความปลอดภัย | ตัวอย่างสถานการณ์ที่พบบ่อย (ไม่ใช่รีวิวลูกค้า) | เคล็ดลับก่อนขายเพื่อให้ประเมินราบรื่น | ขั้นตอนการขายโน๊ตบุ๊คกับ WINNER IT ในโคราช | เรื่องราคาและการประเมินเบื้องต้น | พื้นที่ให้บริการในนครราชสีมา | ลิงก์ที่เกี่ยวข้องภายในเว็บไซต์ | การยืนยันเจ้าของและความปลอดภัย | คำถามที่พบบ่อย | บริการที่เกี่ยวข้อง | พร้อมขายแล้ว ส่งรายละเอียดมาได้เลย","","2540","1944","yes","yes","yes","yes","11","6","5","10","14","13","5","n/a","0","0","0","not required","Product service:/รับซื้อโน๊ตบุ๊ค-โคราช","5","5","Strong","Strong","","Keep as is"
"/รับซื้อโน๊ตบุ๊คจอแตก-โคราช","src/content/services/รับซื้อโน๊ตบุ๊คจอแตก-โคราช.md","Condition","/รับซื้อโน๊ตบุ๊ค-โคราช","รับซื้อโน๊ตบุ๊คจอแตก โคราช","Condition transactional; Condition; รับซื้อโน๊ตบุ๊คจอแตก-โคราช","Condition transactional","Decision","LINE/phone conversion","Korat/Nakhon Ratchasima","รับซื้อโน๊ตบุ๊คจอแตก โคราช","รับซื้อโน๊ตบุ๊คจอแตก โคราช","Individual or business","รับซื้อโน๊ตบุ๊คจอแตก โคราช | WINNER ITรับซื้อโน๊ตบุ๊คจอแตก โคราช","WINNER IT รับซื้อโน๊ตบุ๊คจอแตกในโคราช ประเมินตามรุ่นและชิ้นส่วนที่เหลือ ผ่าน LINE @buyhub","รับซื้อโน๊ตบุ๊คจอแตก โคราช","จอแตกแต่เครื่องยังทำงาน | Touch หรือ 2-in-1 | รูปจอ | ข้อมูล | ราคา | โคราช | เจ้าของ | หลายเครื่อง | ติดต่อ | ขั้นตอนการขายกับ WINNER IT ในโคราช | เรื่องราคาและการประเมินเบื้องต้น | พื้นที่ให้บริการในนครราชสีมา | สินค้าที่ไม่รับและข้อจำกัดด้านความปลอดภัย | การยืนยันเจ้าของและความปลอดภัย | คำถามที่พบบ่อย | พร้อมขายแล้ว ส่งรายละเอียดมาได้เลย","","2142","1825","no","yes","yes","yes","11","6","5","8","1","0","0","n/a","0","0","0","not required","Condition:/รับซื้อโน๊ตบุ๊ค-โคราช","4","5","Missing","Strong","ไม่พบคำตอบต้นหน้าที่ชัดเจน","Keep as is"
"/รับซื้อโน๊ตบุ๊คเกมมิ่ง-โคราช","src/content/services/รับซื้อโน๊ตบุ๊คเกมมิ่ง-โคราช.md","Product service","/รับซื้อโน๊ตบุ๊ค-โคราช","รับซื้อโน๊ตบุ๊คเกมมิ่ง โคราช ประเมินผ่าน LINE","Product transactional; Product service; รับซื้อโน๊ตบุ๊คเกมมิ่ง-โคราช","Product transactional","Decision","LINE/phone conversion","Korat/Nakhon Ratchasima","รับซื้อโน๊ตบุ๊คเกมมิ่ง โคราช ประเมินผ่าน LINE","none","Individual or business","รับซื้อโน๊ตบุ๊คเกมมิ่ง โคราช | ประเมินผ่าน LINE | WINNER ITรับซื้อโน๊ตบุ๊คเกมมิ่ง โคราช ประเมินผ่าน LINE","รับซื้อโน๊ตบุ๊คเกมมิ่งมือสองในโคราช ASUS ROG MSI Lenovo Legion ตรวจการ์ดจอ สเปก และสภาพจอ เริ่มผ่าน LINE @buyhub","รับซื้อโน๊ตบุ๊คเกมมิ่ง โคราช ประเมินผ่าน LINE","ตอบคำถามก่อน: ขายโน๊ตบุ๊คเกมมิ่งในโคราชทำอย่างไร | รุ่นและสินค้าที่รับประเมิน | กลุ่มผู้ขายที่เราให้บริการบ่อย | ปัจจัยที่ส่งผลต่อราคาประเมิน | สภาพและประวัติที่ควรแจ้งตรงไปตรงมา | สิ่งที่ควรเตรียมก่อนส่งข้อมูล | ขั้นตอนประเมินผ่าน LINE @buyhub | การนัดรับและการส่งสินค้า | การลบข้อมูลและความเป็นส่วนตัว | การยืนยันเจ้าของและเอกสาร | สินค้าที่ไม่รับและข้อจำกัดด้านความปลอดภัย | ตัวอย่างสถานการณ์ที่พบบ่อย (ไม่ใช่รีวิวลูกค้า) | เคล็ดลับก่อนขายเพื่อให้ประเมินราบรื่น | ขั้นตอนการขายโน๊ตบุ๊คเกมมิ่งกับ WINNER IT ในโคราช | เรื่องราคาและการประเมินเบื้องต้น | พื้นที่ให้บริการในนครราชสีมา | ลิงก์ที่เกี่ยวข้องภายในเว็บไซต์ | การยืนยันเจ้าของและความปลอดภัย | คำถามที่พบบ่อย | บริการที่เกี่ยวข้อง | พร้อมขายแล้ว ส่งรายละเอียดมาได้เลย","","2528","1935","yes","yes","yes","yes","11","6","5","10","4","13","5","n/a","0","0","0","not required","Product service:/รับซื้อโน๊ตบุ๊ค-โคราช","5","5","Strong","Strong","","Keep as is"
"/รับซื้อโน๊ตบุ๊คเปิดไม่ติด-โคราช","src/content/services/รับซื้อโน๊ตบุ๊คเปิดไม่ติด-โคราช.md","Condition","/รับซื้อโน๊ตบุ๊ค-โคราช","รับซื้อโน๊ตบุ๊คเปิดไม่ติด โคราช","Condition transactional; Condition; รับซื้อโน๊ตบุ๊คเปิดไม่ติด-โคราช","Condition transactional","Decision","LINE/phone conversion","Korat/Nakhon Ratchasima","รับซื้อโน๊ตบุ๊คเปิดไม่ติด โคราช","รับซื้อโน๊ตบุ๊คเปิดไม่ติด โคราช","Individual or business","รับซื้อโน๊ตบุ๊คเปิดไม่ติด โคราช | WINNER ITรับซื้อโน๊ตบุ๊คเปิดไม่ติด โคราช","รับซื้อโน๊ตบุ๊คเปิดไม่ติดในโคราช ประเมินเป็นซากหรือชิ้นส่วน ผ่าน LINE @buyhub","รับซื้อโน๊ตบุ๊คเปิดไม่ติด โคราช","โน๊ตบุ๊คเปิดไม่ติด | สิ่งที่ต้องแจ้ง | ล็อกบัญชี | รูปที่ควรถ่าย | ราคา | โคราช | เจ้าของ | หลายเครื่อง | ติดต่อ | ขั้นตอนการขายกับ WINNER IT ในโคราช | เรื่องราคาและการประเมินเบื้องต้น | พื้นที่ให้บริการในนครราชสีมา | สินค้าที่ไม่รับและข้อจำกัดด้านความปลอดภัย | การยืนยันเจ้าของและความปลอดภัย | คำถามที่พบบ่อย | พร้อมขายแล้ว ส่งรายละเอียดมาได้เลย","","2173","1850","yes","yes","yes","yes","11","6","5","8","1","0","0","n/a","0","0","0","not required","Condition:/รับซื้อโน๊ตบุ๊ค-โคราช","5","5","Strong","Strong","","Keep as is"
"/รับซื้อโน๊ตบุ๊คเสีย-โคราช","src/content/services/รับซื้อโน๊ตบุ๊คเสีย-โคราช.md","Condition","/รับซื้อโน๊ตบุ๊ค-โคราช","รับซื้อโน๊ตบุ๊คเสีย โคราช","Condition transactional; Condition; รับซื้อโน๊ตบุ๊คเสีย-โคราช","Condition transactional","Decision","LINE/phone conversion","Korat/Nakhon Ratchasima","รับซื้อโน๊ตบุ๊คเสีย โคราช","รับซื้อโน๊ตบุ๊คเสีย โคราช","Individual or business","รับซื้อโน๊ตบุ๊คเสีย โคราช ประเมินโน๊ตบุ๊คอาการเสีย | WINNER ITรับซื้อโน๊ตบุ๊คเสีย โคราช","WINNER IT รับซื้อโน๊ตบุ๊คเสียในโคราช คีย์บอร์ดเสีย แบตเสื่อม พัดลมดัง ประเมินผ่าน LINE @buyhub","รับซื้อโน๊ตบุ๊คเสีย โคราช","โน๊ตบุ๊คเสียบางส่วนยังขายได้ | อาการที่พบบ่อย | ข้อมูลที่ควรส่ง | เครื่องที่ยัง login ได้ | ราคาเบื้องต้น | โคราช | ชิ้นส่วน vs ใช้งานได้ | เอกสาร | หลายเครื่อง | ขั้นตอนการขายกับ WINNER IT ในโคราช | เรื่องราคาและการประเมินเบื้องต้น | พื้นที่ให้บริการในนครราชสีมา | สินค้าที่ไม่รับและข้อจำกัดด้านความปลอดภัย | การยืนยันเจ้าของและความปลอดภัย | คำถามที่พบบ่อย | พร้อมขายแล้ว ส่งรายละเอียดมาได้เลย","","2117","1802","yes","yes","yes","yes","11","6","5","8","1","0","0","n/a","0","0","0","not required","Condition:/รับซื้อโน๊ตบุ๊ค-โคราช","5","5","Strong","Strong","","Keep as is"
"/วิธีขายสินค้า","src/content/services/วิธีขายสินค้า.md","Seller journey","/รับซื้อสินค้าไอที","วิธีขายสินค้าไอที","Seller journey; Seller journey; วิธีขายสินค้า","Seller journey","Decision","LINE/phone conversion","Korat/Nakhon Ratchasima","none","none","Individual or business","วิธีขายสินค้าไอที โคราช ขั้นตอนขายกับ WINNER ITวิธีขายสินค้าไอที","วิธีขายสินค้าไอทีกับ WINNER IT ในโคราช ตั้งแต่ส่งรูป นัดหมาย ตรวจสินค้า จนถึงรับเงิน ผ่าน LINE @buyhub","วิธีขายสินค้าไอที","ขั้นตอนการขายโดยย่อ | เตรียมรูปและข้อมูล | ลบข้อมูล | เอกสาร | นัดหมาย | ราคา | ไม่รับ | หลายชิ้น | ติดต่อ | คำถามเพิ่ม | ขั้นตอนการขายกับ WINNER IT ในโคราช | เรื่องราคาและการประเมินเบื้องต้น | พื้นที่ให้บริการในนครราชสีมา | สินค้าที่ไม่รับและข้อจำกัดด้านความปลอดภัย | ข้อผิดพลาดที่ควรหลีกเลี่ยง | ช่องทางทางเลือก | การยืนยันเจ้าของและความปลอดภัย | คำถามที่พบบ่อย | พร้อมขายแล้ว ส่งรายละเอียดมาได้เลย","","2128","1799","yes","yes","yes","yes","11","6","5","8","22","0","0","n/a","0","0","0","not required","Seller journey:/รับซื้อสินค้าไอที","5","5","Strong","Strong","","Keep as is"
"/วิธีประเมินราคา","src/content/services/วิธีประเมินราคา.md","Seller journey","/รับซื้อสินค้าไอที","วิธีประเมินราคาสินค้าไอที","Seller journey; Seller journey; วิธีประเมินราคา","Seller journey","Decision","LINE/phone conversion","Implicit site-wide Korat","none","none","Individual or business","วิธีประเมินราคาสินค้าไอที โคราช | WINNER ITวิธีประเมินราคาสินค้าไอที","WINNER IT อธิบายวิธีประเมินราคาสินค้าไอที ปัจจัยที่ส่งผลต่อราคา และข้อจำกัด ผ่าน LINE @buyhub","วิธีประเมินราคาสินค้าไอที","การประเมินราคาเบื้องต้น | ปัจจัยหลัก | สภาพและตำหนิ | ล็อกและบัญชี | ตรวจของจริง | ไม่ขายบังคับ | หลายชิ้น | ติดต่อ | พื้นที่ | ความโปร่งใส | ขั้นตอนการขายกับ WINNER IT ในโคราช | เรื่องราคาและการประเมินเบื้องต้น | พื้นที่ให้บริการในนครราชสีมา | สินค้าที่ไม่รับและข้อจำกัดด้านความปลอดภัย | เคล็ดลับรูปที่ช่วยประเมินเร็ว | เมื่อราคาหลังตรวจต่างจากเดิม | การยืนยันเจ้าของและความปลอดภัย | คำถามที่พบบ่อย | พร้อมขายแล้ว ส่งรายละเอียดมาได้เลย","","2150","1818","yes","yes","yes","yes","11","6","5","8","20","0","0","n/a","0","0","0","not required","Seller journey:/รับซื้อสินค้าไอที","5","5","Strong","Strong","","Keep as is"
"/ส่งสินค้าไอทีมาประเมิน","src/content/services/ส่งสินค้าไอทีมาประเมิน.md","Seller journey","/รับซื้อสินค้าไอที","ส่งสินค้าไอทีมาประเมิน","Seller journey; Seller journey; ส่งสินค้าไอทีมาประเมิน","Seller journey","Decision","LINE/phone conversion","Korat/Nakhon Ratchasima","none","none","Individual or business","ส่งสินค้าไอทีมาประเมิน โคราช | WINNER ITส่งสินค้าไอทีมาประเมิน","WINNER IT รับส่งสินค้าไอทีมาประเมินในโคราช นัดส่งมอบหรือจัดส่งตามตกลง ผ่าน LINE @buyhub","ส่งสินค้าไอทีมาประเมิน","ส่งสินค้ามาประเมิน | ก่อนส่ง | ของแตกระหว่างขนส่ง | ตรวจรับ | ไม่รับของล็อก | พื้นที่ | ติดต่อ | หลายชิ้น | เอกสาร | ทางเลือก | ขั้นตอนการขายกับ WINNER IT ในโคราช | เรื่องราคาและการประเมินเบื้องต้น | พื้นที่ให้บริการในนครราชสีมา | สินค้าที่ไม่รับและข้อจำกัดด้านความปลอดภัย | การยืนยันเจ้าของและความปลอดภัย | คำถามที่พบบ่อย | พร้อมขายแล้ว ส่งรายละเอียดมาได้เลย","","2183","1850","yes","yes","yes","yes","11","6","5","8","32","0","0","n/a","0","0","0","not required","Seller journey:/รับซื้อสินค้าไอที","5","5","Strong","Strong","","Keep as is"
"/เกี่ยวกับเรา","src/pages/เกี่ยวกับเรา.astro","About","/","เกี่ยวกับ WINNER IT","Trust/navigation; About; เกี่ยวกับเรา","Trust/navigation","Trust","Assisted conversion/trust","Korat/Nakhon Ratchasima","none","none","Individual or business","เกี่ยวกับเรา | WINNER IT","WINNER IT ดำเนินงานโดย บริษัท อำพล เทรดดิ้ง จำกัด ให้บริการรับซื้อสินค้าไอทีในจังหวัดนครราชสีมาผ่าน LINE @buyhub","เกี่ยวกับ WINNER IT","วิธีทำงานของเรา | สิ่งที่เราไม่ได้อ้าง | ช่องทางติดต่อ","","174","158","yes","no","yes","yes","11","6","5","0","0","0","0","n/a","0","0","0","not required","About:/","5","5","Adequate","Strong","","Keep as is"
