"Source path","SHA-256","Category","Real/AI","Location risk","Privacy risk","Serial/plate/document risk","Exact duplicate count","Decision","Required edit","Disclosure","Evidence"
"docs/audits/screenshots/batch-2-1/404-mobile-390-after.png","c80ffef9f6e622c1535dbc01aca91bf0afcbc97603bd1288e8bef818abd07d95","QA/documentation","Screenshot","not detected","not detected","not detected","2","Unnecessary asset","Do not migrate","Not required unless composition materially changes reality","QA/documentation screenshot, not a reusable content image"
"docs/audits/screenshots/batch-2-1/homepage-desktop-1440-after.png","970a23a0f0d5bb761cc1482356b048c748a9a10cc346c949f6b6cb836a916f57","QA/documentation","Screenshot","not detected","not detected","not detected","1","Unnecessary asset","Do not migrate","Not required unless composition materially changes reality","QA/documentation screenshot, not a reusable content image"
"docs/audits/screenshots/batch-2-1/homepage-mobile-360-after.png","ff5218f77a7a1272f1c1fc6e6c2cb8508c5b561f0bca4cd814e6809bd68fa162","QA/documentation","Screenshot","not detected","not detected","not detected","2","Unnecessary asset","Do not migrate","Not required unless composition materially changes reality","QA/documentation screenshot, not a reusable content image"
"docs/audits/screenshots/batch-2-1/homepage-mobile-390-after.png","9fbe96c53a2d4cb0547babd882e03330a4d870c1e39a799a7ecd29a3ab36ff4b","QA/documentation","Screenshot","not detected","not detected","not detected","2","Unnecessary asset","Do not migrate","Not required unless composition materially changes reality","QA/documentation screenshot, not a reusable content image"
"docs/audits/screenshots/batch-2-1/homepage-tablet-768-after.png","3074061b77243197f614869fe7a9727ee3a9c8da2a243a606b55f8f18364cc40","QA/documentation","Screenshot","not detected","not detected","not detected","1","Unnecessary asset","Do not migrate","Not required unless composition materially changes reality","QA/documentation screenshot, not a reusable content image"
"docs/audits/screenshots/batch-2-1/local-mobile-390-after.png","244c5048c671ce88dd4e3175cb7a4ff570314b18ff03adc9f88af75721602e96","QA/documentation","Screenshot","yes","not detected","not detected","2","Do not reuse","Do not migrate; use verified Korat evidence or generic service imagery","Not required unless composition materially changes reality","Location-sensitive Khon Kaen or local-page context can mislead on the Korat site"
"docs/audits/screenshots/batch-2-1/notebook-mobile-390-after.png","a406ffabffbf88b0ecd3c7f5063798648fe22038b1ced381cac2462b3e02dc33","QA/documentation","Screenshot","not detected","not detected","not detected","2","Unnecessary asset","Do not migrate","Not required unless composition materially changes reality","QA/documentation screenshot, not a reusable content image"
"docs/audits/screenshots/batch-2/after/404-mobile-390-after.png","f526d3712dc3d7e52b430b99028dcb13f3651a27e6d3ef735107c6e8d9857ca5","QA/documentation","Screenshot","not detected","not detected","not detected","2","Unnecessary asset","Do not migrate","Not required unless composition materially changes reality","QA/documentation screenshot, not a reusable content image"
"docs/audits/screenshots/batch-2/after/homepage-desktop-1440-after.png","736ca2ed2fc84a80f6e8b0e917dbe5cda77b7f6b4f769171a0e2aeaf43ae5866","QA/documentation","Screenshot","not detected","not detected","not detected","1","Unnecessary asset","Do not migrate","Not required unless composition materially changes reality","QA/documentation screenshot, not a reusable content image"
"docs/audits/screenshots/batch-2/after/homepage-mobile-390-after.png","0f600df0629aaa771626d62229c66e36ab428c0a225de5fecc1e7b1479cc01b0","QA/documentation","Screenshot","not detected","not detected","not detected","2","Unnecessary asset","Do not migrate","Not required unless composition materially changes reality","QA/documentation screenshot, not a reusable content image"
"docs/audits/screenshots/batch-2/after/local-home-pet-mobile-390-after.png","7cdfd960fbc5f9ab5f288a0274db838dd5a9f8310b8f5e12014c578d8cef2bb9","QA/documentation","Screenshot","yes","not detected","not detected","2","Do not reuse","Do not migrate; use verified Korat evidence or generic service imagery","Not required unless composition materially changes reality","Location-sensitive Khon Kaen or local-page context can mislead on the Korat site"
"docs/audits/screenshots/batch-2/after/notebook-mobile-390-after.png","a062ee0176878d9533b30c3eb1080f1f56e1b5108476f5aa739c26f5dd25d038","QA/documentation","Screenshot","not detected","not detected","not detected","2","Unnecessary asset","Do not migrate","Not required unless composition materially changes reality","QA/documentation screenshot, not a reusable content image"
"docs/audits/screenshots/batch-2/before/404-mobile-390-before.png","f526d3712dc3d7e52b430b99028dcb13f3651a27e6d3ef735107c6e8d9857ca5","QA/documentation","Screenshot","not detected","not detected","not detected","2","Unnecessary asset","Do not migrate","Not required unless composition materially changes reality","QA/documentation screenshot, not a reusable content image"
"docs/audits/screenshots/batch-2/before/homepage-desktop-1440-before.png","8b97766553b7729612c0d62679cdf791c69f6d07796a49ef048fa38aea9c625d","QA/documentation","Screenshot","not detected","not detected","not detected","1","Unnecessary asset","Do not migrate","Not required unless composition materially changes reality","QA/documentation screenshot, not a reusable content image"
"docs/audits/screenshots/batch-2/before/homepage-mobile-390-before.png","0f600df0629aaa771626d62229c66e36ab428c0a225de5fecc1e7b1479cc01b0","QA/documentation","Screenshot","not detected","not detected","not detected","2","Unnecessary asset","Do not migrate","Not required unless composition materially changes reality","QA/documentation screenshot, not a reusable content image"
"docs/audits/screenshots/batch-2/before/local-home-pet-mobile-390-before.png","7cdfd960fbc5f9ab5f288a0274db838dd5a9f8310b8f5e12014c578d8cef2bb9","QA/documentation","Screenshot","yes","not detected","not detected","2","Do not reuse","Do not migrate; use verified Korat evidence or generic service imagery","Not required unless composition materially changes reality","Location-sensitive Khon Kaen or local-page context can mislead on the Korat site"
"docs/audits/screenshots/batch-2/before/notebook-mobile-390-before.png","a062ee0176878d9533b30c3eb1080f1f56e1b5108476f5aa739c26f5dd25d038","QA/documentation","Screenshot","not detected","not detected","not detected","2","Unnecessary asset","Do not migrate","Not required unless composition materially changes reality","QA/documentation screenshot, not a reusable content image"
"docs/audits/screenshots/batch-5-1/after/404-1024-after.png","c29ba7266b5fde299aae57e348a411375774440c187c97eabc29d3aa6a260228","QA/documentation","Screenshot","not detected","not detected","not detected","1","Unnecessary asset","Do not migrate","Not required unless composition materially changes reality","QA/documentation screenshot, not a reusable content image"
"docs/audits/screenshots/batch-5-1/after/404-1440-after.png","5139cc516bfa967bdc827d7b2d3257844d386ce9d406eff74be91711a44271f8","QA/documentation","Screenshot","not detected","not detected","not detected","1","Unnecessary asset","Do not migrate","Not required unless composition materially changes reality","QA/documentation screenshot, not a reusable content image"
"docs/audits/screenshots/batch-5-1/after/404-1920-after.png","a03949e0e2a623082a0364043aef090e4965b03d1feecc6cae8fcd8ccfde10ca","QA/documentation","Screenshot","not detected","not detected","not detected","1","Unnecessary asset","Do not migrate","Not required unless composition materially changes reality","QA/documentation screenshot, not a reusable content image"
"docs/audits/screenshots/batch-5-1/after/404-360-after.png","0a968f36859eb4ceb99ed37c130552d0bf0bd1ed38fc65bf728ccdf3af86cb1d","QA/documentation","Screenshot","not detected","not detected","not detected","2","Unnecessary asset","Do not migrate","Not required unless composition materially changes reality","QA/documentation screenshot, not a reusable content image"
"docs/audits/screenshots/batch-5-1/after/404-390-after.png","c1ad48dd68b127d5fb875e695d01b96eda40846bbc0e031f08b921a24962d35d","QA/documentation","Screenshot","not detected","not detected","not detected","2","Unnecessary asset","Do not migrate","Not required unless composition materially changes reality","QA/documentation screenshot, not a reusable content image"
"docs/audits/screenshots/batch-5-1/after/404-430-after.png","82877dd285337fbc8dbc566b4aa7288af0a67defc65be0d8f84cca7e4a8fb751","QA/documentation","Screenshot","not detected","not detected","not detected","2","Unnecessary asset","Do not migrate","Not required unless composition materially changes reality","QA/documentation screenshot, not a reusable content image"
"docs/audits/screenshots/batch-5-1/after/404-768-after.png","35debae4834eadc8e7480d146a3bd5a9f04b63f5f91bb9175720d64d8c5bdf81","QA/documentation","Screenshot","not detected","not detected","not detected","2","Unnecessary asset","Do not migrate","Not required unless composition materially changes reality","QA/documentation screenshot, not a reusable content image"
"docs/audits/screenshots/batch-5-1/after/blog-article-1024-after.png","0b09b18295bc5b1e45fc3371621d948f68d2a23fef205595bfa7d471b242d279","QA/documentation","Screenshot","not detected","not detected","not detected","2","Unnecessary asset","Do not migrate","Not required unless composition materially changes reality","QA/documentation screenshot, not a reusable content image"
"docs/audits/screenshots/batch-5-1/after/blog-article-1440-after.png","29a4e902a2f7d792c64a3112607d86b890670155f79d85cbd31b1f7d02027371","QA/documentation","Screenshot","not detected","not detected","not detected","2","Unnecessary asset","Do not migrate","Not required unless composition materially changes reality","QA/documentation screenshot, not a reusable content image"
"docs/audits/screenshots/batch-5-1/after/blog-article-1920-after.png","1104ecd8f07f3cb2257f83232b2746977b804649c2f1ddd4c9c971b9afb31767","QA/documentation","Screenshot","not detected","not detected","not detected","2","Unnecessary asset","Do not migrate","Not required unless composition materially changes reality","QA/documentation screenshot, not a reusable content image"
"docs/audits/screenshots/batch-5-1/after/blog-article-360-after.png","efb06f04f3eaa31432fc0dab9f0163c7b6128c17f547f9ba4473a74f097ae981","QA/documentation","Screenshot","not detected","not detected","not detected","2","Unnecessary asset","Do not migrate","Not required unless composition materially changes reality","QA/documentation screenshot, not a reusable content image"
"docs/audits/screenshots/batch-5-1/after/blog-article-390-after.png","c3f3a6eb1ae7b489d650def7b703fcd759c4580f49503f7ff4b84064468bae15","QA/documentation","Screenshot","not detected","not detected","not detected","2","Unnecessary asset","Do not migrate","Not required unless composition materially changes reality","QA/documentation screenshot, not a reusable content image"
"docs/audits/screenshots/batch-5-1/after/blog-article-430-after.png","cde343598c729cd5a8fced5d66dce603d25b470b360939871e679f48cc6a3086","QA/documentation","Screenshot","not detected","not detected","not detected","2","Unnecessary asset","Do not migrate","Not required unless composition materially changes reality","QA/documentation screenshot, not a reusable content image"
"docs/audits/screenshots/batch-5-1/after/blog-article-768-after.png","6b87bb7b000157e44ac09399ca948dfa622dc9264929b7b240b45e3a130024ba","QA/documentation","Screenshot","not detected","not detected","not detected","2","Unnecessary asset","Do not migrate","Not required unless composition materially changes reality","QA/documentation screenshot, not a reusable content image"
"docs/audits/screenshots/batch-5-1/after/blog-article-other-1024-after.png","cb8799dfc97d96e64a779fe917654591d2b9f7ffecfa690bcf0b39e9bf428d44","QA/documentation","Screenshot","not detected","not detected","not detected","1","Unnecessary asset","Do not migrate","Not required unless composition materially changes reality","QA/documentation screenshot, not a reusable content image"
"docs/audits/screenshots/batch-5-1/after/blog-article-other-1440-after.png","3291c786640b67ee22d390ba50f2a65d3a7a6b6123a10026af36d7f99bdefbf7","QA/documentation","Screenshot","not detected","not detected","not detected","1","Unnecessary asset","Do not migrate","Not required unless composition materially changes reality","QA/documentation screenshot, not a reusable content image"
"docs/audits/screenshots/batch-5-1/after/blog-article-other-1920-after.png","35d299b8aff5a5101ebd2950713186f985d71bcd4a2a44b7c193b458f98fa5ec","QA/documentation","Screenshot","not detected","not detected","not detected","1","Unnecessary asset","Do not migrate","Not required unless composition materially changes reality","QA/documentation screenshot, not a reusable content image"
"docs/audits/screenshots/batch-5-1/after/blog-article-other-360-after.png","dea2443dee4290cfbc1dd90682d199d2becd575e13495ff5fc2ab41967a62e74","QA/documentation","Screenshot","not detected","not detected","not detected","1","Unnecessary asset","Do not migrate","Not required unless composition materially changes reality","QA/documentation screenshot, not a reusable content image"
"docs/audits/screenshots/batch-5-1/after/blog-article-other-390-after.png","bcc548229468e305b2d38396dcdaa896dc4da910ba58c13a08ebedbb9dc249d9","QA/documentation","Screenshot","not detected","not detected","not detected","1","Unnecessary asset","Do not migrate","Not required unless composition materially changes reality","QA/documentation screenshot, not a reusable content image"
"docs/audits/screenshots/batch-5-1/after/blog-article-other-430-after.png","f0fb8558e19ba05d5e69096fdcebd529ded2df7aa3ca1f0d3f3411d992fd95da","QA/documentation","Screenshot","not detected","not detected","not detected","1","Unnecessary asset","Do not migrate","Not required unless composition materially changes reality","QA/documentation screenshot, not a reusable content image"
"docs/audits/screenshots/batch-5-1/after/blog-article-other-768-after.png","2c804c2e5ebe833ed5a5b8dca4bf2d701ebbba093f163c9b32e82ab6bd212f7f","QA/documentation","Screenshot","not detected","not detected","not detected","1","Unnecessary asset","Do not migrate","Not required unless composition materially changes reality","QA/documentation screenshot, not a reusable content image"
"docs/audits/screenshots/batch-5-1/after/blog-index-1024-after.png","7b3cb556e89e106c069ac0b84a47b7cecf27e94530fcade614ab4710dd788c59","QA/documentation","Screenshot","not detected","not detected","not detected","1","Unnecessary asset","Do not migrate","Not required unless composition materially changes reality","QA/documentation screenshot, not a reusable content image"
"docs/audits/screenshots/batch-5-1/after/blog-index-1440-after.png","5c9a8273d08d8abfb0dccfdff3a2ef6b8a4743b26dacab2247e8cd5d5584e7a9","QA/documentation","Screenshot","not detected","not detected","not detected","1","Unnecessary asset","Do not migrate","Not required unless composition materially changes reality","QA/documentation screenshot, not a reusable content image"
"docs/audits/screenshots/batch-5-1/after/blog-index-1920-after.png","ba460d3e39cfa8719ac48708188dc38722936d5cc4122851c27c38f4474990fa","QA/documentation","Screenshot","not detected","not detected","not detected","1","Unnecessary asset","Do not migrate","Not required unless composition materially changes reality","QA/documentation screenshot, not a reusable content image"
"docs/audits/screenshots/batch-5-1/after/blog-index-360-after.png","d9733a477bc11402c2081de61684d5db3b5d333ccdb39bde96444f5b987b75af","QA/documentation","Screenshot","not detected","not detected","not detected","1","Unnecessary asset","Do not migrate","Not required unless composition materially changes reality","QA/documentation screenshot, not a reusable content image"
"docs/audits/screenshots/batch-5-1/after/blog-index-390-after.png","e56ee5f2144c3ee1c5f8d0100d98c0f90ba1a3bc17d6d0c3094b77d47b72503e","QA/documentation","Screenshot","not detected","not detected","not detected","1","Unnecessary asset","Do not migrate","Not required unless composition materially changes reality","QA/documentation screenshot, not a reusable content image"
"docs/audits/screenshots/batch-5-1/after/blog-index-430-after.png","e6cb914822168f1c2786b39e86e98df06288535bdabc1f9908781d8a3fbec2f3","QA/documentation","Screenshot","not detected","not detected","not detected","1","Unnecessary asset","Do not migrate","Not required unless composition materially changes reality","QA/documentation screenshot, not a reusable content image"
"docs/audits/screenshots/batch-5-1/after/blog-index-768-after.png","edd0e3b9fb31657620277d6f4c7234b415f8f767cd5d0875d831545d5e014db5","QA/documentation","Screenshot","not detected","not detected","not detected","1","Unnecessary asset","Do not migrate","Not required unless composition materially changes reality","QA/documentation screenshot, not a reusable content image"
"docs/audits/screenshots/batch-5-1/after/contact-1024-after.png","c13c3f49198f20f6d4e731ddfdbefd099042f31a2086894be66c4ca5e1bbb9d5","QA/documentation","Screenshot","not detected","not detected","not detected","2","Unnecessary asset","Do not migrate","Not required unless composition materially changes reality","QA/documentation screenshot, not a reusable content image"
"docs/audits/screenshots/batch-5-1/after/contact-1440-after.png","6b4bbf531f6b7a414bceae967ea1f573382fad290d78273da85632a288020577","QA/documentation","Screenshot","not detected","not detected","not detected","2","Unnecessary asset","Do not migrate","Not required unless composition materially changes reality","QA/documentation screenshot, not a reusable content image"
"docs/audits/screenshots/batch-5-1/after/contact-1920-after.png","cc9eb3d6371e2da7fa48b2759fab5238060a1d77a08d4eb4065db54f848a54af","QA/documentation","Screenshot","not detected","not detected","not detected","2","Unnecessary asset","Do not migrate","Not required unless composition materially changes reality","QA/documentation screenshot, not a reusable content image"
"docs/audits/screenshots/batch-5-1/after/contact-360-after.png","f0689a152a68281a6e256d10c5949ceeb4b483669258cd2796689bc86074c422","QA/documentation","Screenshot","not detected","not detected","not detected","2","Unnecessary asset","Do not migrate","Not required unless composition materially changes reality","QA/documentation screenshot, not a reusable content image"
"docs/audits/screenshots/batch-5-1/after/contact-390-after.png","9660fbe1f427cd77bb9d5623238b53e2def1719fdec14640345a957f597c37da","QA/documentation","Screenshot","not detected","not detected","not detected","2","Unnecessary asset","Do not migrate","Not required unless composition materially changes reality","QA/documentation screenshot, not a reusable content image"
"docs/audits/screenshots/batch-5-1/after/contact-430-after.png","3c2a9a49cecc24f0295d89c090e79571efc87a34ed79b623f5ba52c8594de128","QA/documentation","Screenshot","not detected","not detected","not detected","2","Unnecessary asset","Do not migrate","Not required unless composition materially changes reality","QA/documentation screenshot, not a reusable content image"
"docs/audits/screenshots/batch-5-1/after/contact-768-after.png","ccbbbe13e87e7be8e53a75f1db08f1f4befb6d39178e26ad94074bffad516915","QA/documentation","Screenshot","not detected","not detected","not detected","2","Unnecessary asset","Do not migrate","Not required unless composition materially changes reality","QA/documentation screenshot, not a reusable content image"
"docs/audits/screenshots/batch-5-1/after/header-1024-after.png","6c845cb2754d9a507b09ddc176084e08caae7940dcf4f7eba5315a25fc492eca","QA/documentation","Screenshot","not detected","not detected","not detected","3","Unnecessary asset","Do not migrate","Not required unless composition materially changes reality","QA/documentation screenshot, not a reusable content image"
"docs/audits/screenshots/batch-5-1/after/header-768-after.png","20eee53d996bc51a19a52e0d9bca62cd95b2f835a1c02e011e82602982532310","QA/documentation","Screenshot","not detected","not detected","not detected","3","Unnecessary asset","Do not migrate","Not required unless composition materially changes reality","QA/documentation screenshot, not a reusable content image"
"docs/audits/screenshots/batch-5-1/after/homepage-1024-after.png","6c845cb2754d9a507b09ddc176084e08caae7940dcf4f7eba5315a25fc492eca","QA/documentation","Screenshot","not detected","not detected","not detected","3","Unnecessary asset","Do not migrate","Not required unless composition materially changes reality","QA/documentation screenshot, not a reusable content image"
"docs/audits/screenshots/batch-5-1/after/homepage-1440-after.png","e0a8d9a1fbd264d543ccd214504f40b9e57c13e92bdc3d3ccd8b0fac9aa6a4fa","QA/documentation","Screenshot","not detected","not detected","not detected","2","Unnecessary asset","Do not migrate","Not required unless composition materially changes reality","QA/documentation screenshot, not a reusable content image"
"docs/audits/screenshots/batch-5-1/after/homepage-1920-after.png","1cc43b56a5f300039ced555a8876348dd9d7646d7bf4b2c8b701cca547e9ec5c","QA/documentation","Screenshot","not detected","not detected","not detected","2","Unnecessary asset","Do not migrate","Not required unless composition materially changes reality","QA/documentation screenshot, not a reusable content image"
"docs/audits/screenshots/batch-5-1/after/homepage-360-after.png","7c67870965f998442df654b90dfe9900d7b8419b4e82cf06864ec546c2495cf7","QA/documentation","Screenshot","not detected","not detected","not detected","2","Unnecessary asset","Do not migrate","Not required unless composition materially changes reality","QA/documentation screenshot, not a reusable content image"
"docs/audits/screenshots/batch-5-1/after/homepage-390-after.png","a0a319088365aa2bc855aa54a65d140c92d420ac054c7f31362f00241c00d3a7","QA/documentation","Screenshot","not detected","not detected","not detected","2","Unnecessary asset","Do not migrate","Not required unless composition materially changes reality","QA/documentation screenshot, not a reusable content image"
"docs/audits/screenshots/batch-5-1/after/homepage-430-after.png","8095510a3ebbe89e2b5b3fcf475518e2817fb1f39f6f7ad12c373ca5ba2357b4","QA/documentation","Screenshot","not detected","not detected","not detected","2","Unnecessary asset","Do not migrate","Not required unless composition materially changes reality","QA/documentation screenshot, not a reusable content image"
"docs/audits/screenshots/batch-5-1/after/homepage-768-after.png","20eee53d996bc51a19a52e0d9bca62cd95b2f835a1c02e011e82602982532310","QA/documentation","Screenshot","not detected","not detected","not detected","3","Unnecessary asset","Do not migrate","Not required unless composition materially changes reality","QA/documentation screenshot, not a reusable content image"
"docs/audits/screenshots/batch-5-1/after/local-page-1024-after.png","5af1bf475763a32cf8a0fb971ceb78c7c156f5d2a3c951bf633e8f38d8d4bb2d","QA/documentation","Screenshot","yes","not detected","not detected","2","Do not reuse","Do not migrate; use verified Korat evidence or generic service imagery","Not required unless composition materially changes reality","Location-sensitive Khon Kaen or local-page context can mislead on the Korat site"
"docs/audits/screenshots/batch-5-1/after/local-page-1440-after.png","7f29c2117fb6aa307a80dafcf7c4cc2720d9ec01b5c6282c25c3957c3bd0bc5a","QA/documentation","Screenshot","yes","not detected","not detected","2","Do not reuse","Do not migrate; use verified Korat evidence or generic service imagery","Not required unless composition materially changes reality","Location-sensitive Khon Kaen or local-page context can mislead on the Korat site"
"docs/audits/screenshots/batch-5-1/after/local-page-1920-after.png","629e730ef02a8dc04d1337cfe2c785144a3e33d180d4e099256f7f681d42500d","QA/documentation","Screenshot","yes","not detected","not detected","2","Do not reuse","Do not migrate; use verified Korat evidence or generic service imagery","Not required unless composition materially changes reality","Location-sensitive Khon Kaen or local-page context can mislead on the Korat site"
"docs/audits/screenshots/batch-5-1/after/local-page-360-after.png","45849695ff38276c584260c3d96106e315c6b9289bb6c232bf4dea77811c03a3","QA/documentation","Screenshot","yes","not detected","not detected","2","Do not reuse","Do not migrate; use verified Korat evidence or generic service imagery","Not required unless composition materially changes reality","Location-sensitive Khon Kaen or local-page context can mislead on the Korat site"
"docs/audits/screenshots/batch-5-1/after/local-page-390-after.png","889f6b8b0020a48ba1d1bb682240f9866dd421f3580a01925b983992bd2322a4","QA/documentation","Screenshot","yes","not detected","not detected","2","Do not reuse","Do not migrate; use verified Korat evidence or generic service imagery","Not required unless composition materially changes reality","Location-sensitive Khon Kaen or local-page context can mislead on the Korat site"
"docs/audits/screenshots/batch-5-1/after/local-page-430-after.png","89edd5ee921d4228e6e1cdc3804273ce8a80d27c401fe65bf9a48ab727972c37","QA/documentation","Screenshot","yes","not detected","not detected","2","Do not reuse","Do not migrate; use verified Korat evidence or generic service imagery","Not required unless composition materially changes reality","Location-sensitive Khon Kaen or local-page context can mislead on the Korat site"
"docs/audits/screenshots/batch-5-1/after/local-page-768-after.png","4901aa1e4d306823c03b4947e46db42850ecfeff823ca5d88ffca8fa2285c6f0","QA/documentation","Screenshot","yes","not detected","not detected","2","Do not reuse","Do not migrate; use verified Korat evidence or generic service imagery","Not required unless composition materially changes reality","Location-sensitive Khon Kaen or local-page context can mislead on the Korat site"
"docs/audits/screenshots/batch-5-1/after/notebook-1024-after.png","2a16182a2ebe491a8a2ca0633fc173816f28d6563bfb8f131d21075cec791588","QA/documentation","Screenshot","not detected","not detected","not detected","2","Unnecessary asset","Do not migrate","Not required unless composition materially changes reality","QA/documentation screenshot, not a reusable content image"
"docs/audits/screenshots/batch-5-1/after/notebook-1440-after.png","d0182bbf4e25a44746c3ea45217b8d985c02c2e815596cbec671ddabef19d136","QA/documentation","Screenshot","not detected","not detected","not detected","2","Unnecessary asset","Do not migrate","Not required unless composition materially changes reality","QA/documentation screenshot, not a reusable content image"
"docs/audits/screenshots/batch-5-1/after/notebook-1920-after.png","764ea720dc78a8dc9a247e93e425bf70a93b995453f478da3640103e8c6aacfa","QA/documentation","Screenshot","not detected","not detected","not detected","2","Unnecessary asset","Do not migrate","Not required unless composition materially changes reality","QA/documentation screenshot, not a reusable content image"
"docs/audits/screenshots/batch-5-1/after/notebook-360-after.png","c1a96701f70fe3aee083dd70a3963b06bca724c69d5d5688a9971b4a5ca9ef6a","QA/documentation","Screenshot","not detected","not detected","not detected","2","Unnecessary asset","Do not migrate","Not required unless composition materially changes reality","QA/documentation screenshot, not a reusable content image"
"docs/audits/screenshots/batch-5-1/after/notebook-390-after.png","17aaaefb53501ce2865ac9533315047ecc62fe38651666c659c89e47d366052a","QA/documentation","Screenshot","not detected","not detected","not detected","2","Unnecessary asset","Do not migrate","Not required unless composition materially changes reality","QA/documentation screenshot, not a reusable content image"
"docs/audits/screenshots/batch-5-1/after/notebook-430-after.png","1e2a70577e2c6d48f52939c4ef7ef9abe5b3e0894b674206213466ef9ece3dd1","QA/documentation","Screenshot","not detected","not detected","not detected","2","Unnecessary asset","Do not migrate","Not required unless composition materially changes reality","QA/documentation screenshot, not a reusable content image"
"docs/audits/screenshots/batch-5-1/after/notebook-768-after.png","9ca8591c47709f9612e9b3f9e402cd983ad0dc24e5a061f80fd76a34e6734837","QA/documentation","Screenshot","not detected","not detected","not detected","2","Unnecessary asset","Do not migrate","Not required unless composition materially changes reality","QA/documentation screenshot, not a reusable content image"
"docs/audits/screenshots/batch-5/after/404-1024x768-after.png","0200f8ad72a6deda6b05500b1bc4085ad30ebdfaeafe4c0191e52396b458013f","QA/documentation","Screenshot","not detected","not detected","not detected","1","Unnecessary asset","Do not migrate","Not required unless composition materially changes reality","QA/documentation screenshot, not a reusable content image"
"docs/audits/screenshots/batch-5/after/404-1440x900-after.png","aa2f5b7e96a4cf413208a1651cff382244245c3b1924e011330c172731777e69","QA/documentation","Screenshot","not detected","not detected","not detected","1","Unnecessary asset","Do not migrate","Not required unless composition materially changes reality","QA/documentation screenshot, not a reusable content image"
"docs/audits/screenshots/batch-5/after/404-1920x1080-after.png","e74fdd3ea6d1e56d05488060fd10775a3a357822c1e84a037d723ad8e7eebd0e","QA/documentation","Screenshot","not detected","not detected","not detected","1","Unnecessary asset","Do not migrate","Not required unless composition materially changes reality","QA/documentation screenshot, not a reusable content image"
"docs/audits/screenshots/batch-5/after/404-360x800-after.png","0a968f36859eb4ceb99ed37c130552d0bf0bd1ed38fc65bf728ccdf3af86cb1d","QA/documentation","Screenshot","not detected","not detected","not detected","2","Unnecessary asset","Do not migrate","Not required unless composition materially changes reality","QA/documentation screenshot, not a reusable content image"
"docs/audits/screenshots/batch-5/after/404-390x844-after.png","c1ad48dd68b127d5fb875e695d01b96eda40846bbc0e031f08b921a24962d35d","QA/documentation","Screenshot","not detected","not detected","not detected","2","Unnecessary asset","Do not migrate","Not required unless composition materially changes reality","QA/documentation screenshot, not a reusable content image"
"docs/audits/screenshots/batch-5/after/404-430x932-after.png","82877dd285337fbc8dbc566b4aa7288af0a67defc65be0d8f84cca7e4a8fb751","QA/documentation","Screenshot","not detected","not detected","not detected","2","Unnecessary asset","Do not migrate","Not required unless composition materially changes reality","QA/documentation screenshot, not a reusable content image"
"docs/audits/screenshots/batch-5/after/404-768x1024-after.png","35debae4834eadc8e7480d146a3bd5a9f04b63f5f91bb9175720d64d8c5bdf81","QA/documentation","Screenshot","not detected","not detected","not detected","2","Unnecessary asset","Do not migrate","Not required unless composition materially changes reality","QA/documentation screenshot, not a reusable content image"
"docs/audits/screenshots/batch-5/after/blog-article-1024x768-after.png","0b09b18295bc5b1e45fc3371621d948f68d2a23fef205595bfa7d471b242d279","QA/documentation","Screenshot","not detected","not detected","not detected","2","Unnecessary asset","Do not migrate","Not required unless composition materially changes reality","QA/documentation screenshot, not a reusable content image"
"docs/audits/screenshots/batch-5/after/blog-article-1440x900-after.png","29a4e902a2f7d792c64a3112607d86b890670155f79d85cbd31b1f7d02027371","QA/documentation","Screenshot","not detected","not detected","not detected","2","Unnecessary asset","Do not migrate","Not required unless composition materially changes reality","QA/documentation screenshot, not a reusable content image"
"docs/audits/screenshots/batch-5/after/blog-article-1920x1080-after.png","1104ecd8f07f3cb2257f83232b2746977b804649c2f1ddd4c9c971b9afb31767","QA/documentation","Screenshot","not detected","not detected","not detected","2","Unnecessary asset","Do not migrate","Not required unless composition materially changes reality","QA/documentation screenshot, not a reusable content image"
"docs/audits/screenshots/batch-5/after/blog-article-360x800-after.png","efb06f04f3eaa31432fc0dab9f0163c7b6128c17f547f9ba4473a74f097ae981","QA/documentation","Screenshot","not detected","not detected","not detected","2","Unnecessary asset","Do not migrate","Not required unless composition materially changes reality","QA/documentation screenshot, not a reusable content image"
"docs/audits/screenshots/batch-5/after/blog-article-390x844-after.png","c3f3a6eb1ae7b489d650def7b703fcd759c4580f49503f7ff4b84064468bae15","QA/documentation","Screenshot","not detected","not detected","not detected","2","Unnecessary asset","Do not migrate","Not required unless composition materially changes reality","QA/documentation screenshot, not a reusable content image"
"docs/audits/screenshots/batch-5/after/blog-article-430x932-after.png","cde343598c729cd5a8fced5d66dce603d25b470b360939871e679f48cc6a3086","QA/documentation","Screenshot","not detected","not detected","not detected","2","Unnecessary asset","Do not migrate","Not required unless composition materially changes reality","QA/documentation screenshot, not a reusable content image"
"docs/audits/screenshots/batch-5/after/blog-article-768x1024-after.png","6b87bb7b000157e44ac09399ca948dfa622dc9264929b7b240b45e3a130024ba","QA/documentation","Screenshot","not detected","not detected","not detected","2","Unnecessary asset","Do not migrate","Not required unless composition materially changes reality","QA/documentation screenshot, not a reusable content image"
"docs/audits/screenshots/batch-5/after/blog-index-1024x768-after.png","4b2718637d7d56f1fb066a7b4d8e94b1f9a20f2e0203cad6a9229cb61f288969","QA/documentation","Screenshot","not detected","not detected","not detected","1","Unnecessary asset","Do not migrate","Not required unless composition materially changes reality","QA/documentation screenshot, not a reusable content image"
"docs/audits/screenshots/batch-5/after/blog-index-1440x900-after.png","7acbcb683d7696bf50b16ee9da250ed51ebf83445adf28f71b696534261c13e1","QA/documentation","Screenshot","not detected","not detected","not detected","1","Unnecessary asset","Do not migrate","Not required unless composition materially changes reality","QA/documentation screenshot, not a reusable content image"
"docs/audits/screenshots/batch-5/after/blog-index-1920x1080-after.png","0c02941c532270ef3c8c7a275d5764b904db5c6baa43fc47959de00ab88ea3a2","QA/documentation","Screenshot","not detected","not detected","not detected","1","Unnecessary asset","Do not migrate","Not required unless composition materially changes reality","QA/documentation screenshot, not a reusable content image"
"docs/audits/screenshots/batch-5/after/blog-index-360x800-after.png","56b749ec92b5dd416a0dd817e4ef5e9c5cb968f41914bccc7757efef21230554","QA/documentation","Screenshot","not detected","not detected","not detected","1","Unnecessary asset","Do not migrate","Not required unless composition materially changes reality","QA/documentation screenshot, not a reusable content image"
"docs/audits/screenshots/batch-5/after/blog-index-390x844-after.png","5a1d389f3b480ab9bbe9eafd81da092fb73d4bbc4b421c6248a6acc6d122f2d5","QA/documentation","Screenshot","not detected","not detected","not detected","1","Unnecessary asset","Do not migrate","Not required unless composition materially changes reality","QA/documentation screenshot, not a reusable content image"
"docs/audits/screenshots/batch-5/after/blog-index-430x932-after.png","57682dab7a87b066bdf2a2679893e1ff1d8078ccf43854fa3d744dcb03aa453e","QA/documentation","Screenshot","not detected","not detected","not detected","1","Unnecessary asset","Do not migrate","Not required unless composition materially changes reality","QA/documentation screenshot, not a reusable content image"
"docs/audits/screenshots/batch-5/after/blog-index-768x1024-after.png","1ff3090dcb7069202732351bcc901c0b8d1a6e46cf3919643363e978ac75ee79","QA/documentation","Screenshot","not detected","not detected","not detected","1","Unnecessary asset","Do not migrate","Not required unless composition materially changes reality","QA/documentation screenshot, not a reusable content image"
"docs/audits/screenshots/batch-5/after/computer-1024x768-after.png","f3040049b3efbbd54672f9c1e5e596832a39e691bd4c10a06bb538b468c87c20","QA/documentation","Screenshot","not detected","not detected","not detected","1","Unnecessary asset","Do not migrate","Not required unless composition materially changes reality","QA/documentation screenshot, not a reusable content image"
"docs/audits/screenshots/batch-5/after/computer-1440x900-after.png","185476f469ca70281aa5be82709c604dbc10019c0b9a07f2ac44771aee4948bb","QA/documentation","Screenshot","not detected","not detected","not detected","1","Unnecessary asset","Do not migrate","Not required unless composition materially changes reality","QA/documentation screenshot, not a reusable content image"
"docs/audits/screenshots/batch-5/after/computer-1920x1080-after.png","f7573cd040940f227bb38dd0527378568fd7a05b141cfdf05925c788909e195c","QA/documentation","Screenshot","not detected","not detected","not detected","1","Unnecessary asset","Do not migrate","Not required unless composition materially changes reality","QA/documentation screenshot, not a reusable content image"
"docs/audits/screenshots/batch-5/after/computer-360x800-after.png","d8ff46f1f28d218d6cb7a69fad9bd66c4eb26193bd508323d1336491fb388cb1","QA/documentation","Screenshot","not detected","not detected","not detected","1","Unnecessary asset","Do not migrate","Not required unless composition materially changes reality","QA/documentation screenshot, not a reusable content image"
"docs/audits/screenshots/batch-5/after/computer-390x844-after.png","c6d58ac23446e8bc88d1d3f222379778c0419be2f3763528a24c659511cc404a","QA/documentation","Screenshot","not detected","not detected","not detected","1","Unnecessary asset","Do not migrate","Not required unless composition materially changes reality","QA/documentation screenshot, not a reusable content image"
"docs/audits/screenshots/batch-5/after/computer-430x932-after.png","accfa7abc668965985f5104628df6a3a91db0c6ef8a125c857f2e24a4998d327","QA/documentation","Screenshot","not detected","not detected","not detected","1","Unnecessary asset","Do not migrate","Not required unless composition materially changes reality","QA/documentation screenshot, not a reusable content image"
"docs/audits/screenshots/batch-5/after/computer-768x1024-after.png","24e28179e11aed059b343b357aad84b99519d32b4d31060e504aa4c8d0060fc4","QA/documentation","Screenshot","not detected","not detected","not detected","1","Unnecessary asset","Do not migrate","Not required unless composition materially changes reality","QA/documentation screenshot, not a reusable content image"
"docs/audits/screenshots/batch-5/after/contact-1024x768-after.png","c13c3f49198f20f6d4e731ddfdbefd099042f31a2086894be66c4ca5e1bbb9d5","QA/documentation","Screenshot","not detected","not detected","not detected","2","Unnecessary asset","Do not migrate","Not required unless composition materially changes reality","QA/documentation screenshot, not a reusable content image"
"docs/audits/screenshots/batch-5/after/contact-1440x900-after.png","6b4bbf531f6b7a414bceae967ea1f573382fad290d78273da85632a288020577","QA/documentation","Screenshot","not detected","not detected","not detected","2","Unnecessary asset","Do not migrate","Not required unless composition materially changes reality","QA/documentation screenshot, not a reusable content image"
"docs/audits/screenshots/batch-5/after/contact-1920x1080-after.png","cc9eb3d6371e2da7fa48b2759fab5238060a1d77a08d4eb4065db54f848a54af","QA/documentation","Screenshot","not detected","not detected","not detected","2","Unnecessary asset","Do not migrate","Not required unless composition materially changes reality","QA/documentation screenshot, not a reusable content image"
"docs/audits/screenshots/batch-5/after/contact-360x800-after.png","f0689a152a68281a6e256d10c5949ceeb4b483669258cd2796689bc86074c422","QA/documentation","Screenshot","not detected","not detected","not detected","2","Unnecessary asset","Do not migrate","Not required unless composition materially changes reality","QA/documentation screenshot, not a reusable content image"
"docs/audits/screenshots/batch-5/after/contact-390x844-after.png","9660fbe1f427cd77bb9d5623238b53e2def1719fdec14640345a957f597c37da","QA/documentation","Screenshot","not detected","not detected","not detected","2","Unnecessary asset","Do not migrate","Not required unless composition materially changes reality","QA/documentation screenshot, not a reusable content image"
"docs/audits/screenshots/batch-5/after/contact-430x932-after.png","3c2a9a49cecc24f0295d89c090e79571efc87a34ed79b623f5ba52c8594de128","QA/documentation","Screenshot","not detected","not detected","not detected","2","Unnecessary asset","Do not migrate","Not required unless composition materially changes reality","QA/documentation screenshot, not a reusable content image"
"docs/audits/screenshots/batch-5/after/contact-768x1024-after.png","ccbbbe13e87e7be8e53a75f1db08f1f4befb6d39178e26ad94074bffad516915","QA/documentation","Screenshot","not detected","not detected","not detected","2","Unnecessary asset","Do not migrate","Not required unless composition materially changes reality","QA/documentation screenshot, not a reusable content image"
"docs/audits/screenshots/batch-5/after/gpu-1024x768-after.png","fc17e694eabc35f000dae0d2dc053f9523a812e1368bd181c2a4032e640b1a5f","QA/documentation","Screenshot","not detected","not detected","not detected","1","Unnecessary asset","Do not migrate","Not required unless composition materially changes reality","QA/documentation screenshot, not a reusable content image"
"docs/audits/screenshots/batch-5/after/gpu-1440x900-after.png","aff661c4973ce0325405ceb9c789d0c160d0914adaaa1c5fcff7a562c6f0d98a","QA/documentation","Screenshot","not detected","not detected","not detected","1","Unnecessary asset","Do not migrate","Not required unless composition materially changes reality","QA/documentation screenshot, not a reusable content image"
"docs/audits/screenshots/batch-5/after/gpu-1920x1080-after.png","34386decc69bd0576c8e82d526bbfe26f46e8400d00628d36e0dc01e17429433","QA/documentation","Screenshot","not detected","not detected","not detected","1","Unnecessary asset","Do not migrate","Not required unless composition materially changes reality","QA/documentation screenshot, not a reusable content image"
"docs/audits/screenshots/batch-5/after/gpu-360x800-after.png","9a2f31237b43962676358e673135bf8c5082c04507c812f8865b211542de8540","QA/documentation","Screenshot","not detected","not detected","not detected","1","Unnecessary asset","Do not migrate","Not required unless composition materially changes reality","QA/documentation screenshot, not a reusable content image"
"docs/audits/screenshots/batch-5/after/gpu-390x844-after.png","7bb5ad1ed8154fc6d24cecda57177c110a2cf910418786f43fa693db5015ca37","QA/documentation","Screenshot","not detected","not detected","not detected","1","Unnecessary asset","Do not migrate","Not required unless composition materially changes reality","QA/documentation screenshot, not a reusable content image"
"docs/audits/screenshots/batch-5/after/gpu-430x932-after.png","11652daf3616400a2456478047a153e4d5cdfe08ca49b9542d3e60b41380c0c6","QA/documentation","Screenshot","not detected","not detected","not detected","1","Unnecessary asset","Do not migrate","Not required unless composition materially changes reality","QA/documentation screenshot, not a reusable content image"
"docs/audits/screenshots/batch-5/after/gpu-768x1024-after.png","0df92fb959ee49c43b16dbdf68e8de446772a8db7c62c2c585532dc178012013","QA/documentation","Screenshot","not detected","not detected","not detected","1","Unnecessary asset","Do not migrate","Not required unless composition materially changes reality","QA/documentation screenshot, not a reusable content image"
"docs/audits/screenshots/batch-5/after/home-1024x768-after.png","6c845cb2754d9a507b09ddc176084e08caae7940dcf4f7eba5315a25fc492eca","QA/documentation","Screenshot","not detected","not detected","not detected","3","Unnecessary asset","Do not migrate","Not required unless composition materially changes reality","QA/documentation screenshot, not a reusable content image"
"docs/audits/screenshots/batch-5/after/home-1440x900-after.png","e0a8d9a1fbd264d543ccd214504f40b9e57c13e92bdc3d3ccd8b0fac9aa6a4fa","QA/documentation","Screenshot","not detected","not detected","not detected","2","Unnecessary asset","Do not migrate","Not required unless composition materially changes reality","QA/documentation screenshot, not a reusable content image"
"docs/audits/screenshots/batch-5/after/home-1920x1080-after.png","1cc43b56a5f300039ced555a8876348dd9d7646d7bf4b2c8b701cca547e9ec5c","QA/documentation","Screenshot","not detected","not detected","not detected","2","Unnecessary asset","Do not migrate","Not required unless composition materially changes reality","QA/documentation screenshot, not a reusable content image"
"docs/audits/screenshots/batch-5/after/home-360x800-after.png","7c67870965f998442df654b90dfe9900d7b8419b4e82cf06864ec546c2495cf7","QA/documentation","Screenshot","not detected","not detected","not detected","2","Unnecessary asset","Do not migrate","Not required unless composition materially changes reality","QA/documentation screenshot, not a reusable content image"
"docs/audits/screenshots/batch-5/after/home-390x844-after.png","a0a319088365aa2bc855aa54a65d140c92d420ac054c7f31362f00241c00d3a7","QA/documentation","Screenshot","not detected","not detected","not detected","2","Unnecessary asset","Do not migrate","Not required unless composition materially changes reality","QA/documentation screenshot, not a reusable content image"
"docs/audits/screenshots/batch-5/after/home-430x932-after.png","8095510a3ebbe89e2b5b3fcf475518e2817fb1f39f6f7ad12c373ca5ba2357b4","QA/documentation","Screenshot","not detected","not detected","not detected","2","Unnecessary asset","Do not migrate","Not required unless composition materially changes reality","QA/documentation screenshot, not a reusable content image"
"docs/audits/screenshots/batch-5/after/home-768x1024-after.png","20eee53d996bc51a19a52e0d9bca62cd95b2f835a1c02e011e82602982532310","QA/documentation","Screenshot","not detected","not detected","not detected","3","Unnecessary asset","Do not migrate","Not required unless composition materially changes reality","QA/documentation screenshot, not a reusable content image"
"docs/audits/screenshots/batch-5/after/iphone-1024x768-after.png","c9c73ea6eff7a7d5f4fa6a2d7c2a2f37885be7e2735d8f6f8857709d0e731715","QA/documentation","Screenshot","not detected","not detected","not detected","1","Unnecessary asset","Do not migrate","Not required unless composition materially changes reality","QA/documentation screenshot, not a reusable content image"
"docs/audits/screenshots/batch-5/after/iphone-1440x900-after.png","52f38b9eeadb30f694ac489557410a7781804c6326d28f1993acdb341d37f90a","QA/documentation","Screenshot","not detected","not detected","not detected","1","Unnecessary asset","Do not migrate","Not required unless composition materially changes reality","QA/documentation screenshot, not a reusable content image"
"docs/audits/screenshots/batch-5/after/iphone-1920x1080-after.png","c0e9ab4e9c714feab9ffeffd2c0be387a0bd2224f3714f1fb8bcb1a9bfd49e40","QA/documentation","Screenshot","not detected","not detected","not detected","1","Unnecessary asset","Do not migrate","Not required unless composition materially changes reality","QA/documentation screenshot, not a reusable content image"
"docs/audits/screenshots/batch-5/after/iphone-360x800-after.png","36b8fa4317a41095c2b1939e8f3b3299a613f25583f0350ad506526bd55cbbc8","QA/documentation","Screenshot","not detected","not detected","not detected","1","Unnecessary asset","Do not migrate","Not required unless composition materially changes reality","QA/documentation screenshot, not a reusable content image"
"docs/audits/screenshots/batch-5/after/iphone-390x844-after.png","9fd2c75d58ba5bdc117f4968b6688ea2035e630c72478103b23a2432647241ec","QA/documentation","Screenshot","not detected","not detected","not detected","1","Unnecessary asset","Do not migrate","Not required unless composition materially changes reality","QA/documentation screenshot, not a reusable content image"
"docs/audits/screenshots/batch-5/after/iphone-430x932-after.png","f5565a1d0796f1b3fb6461c9ee3797de5c40ba4b9fa02709f066fbf0cbb5a0d5","QA/documentation","Screenshot","not detected","not detected","not detected","1","Unnecessary asset","Do not migrate","Not required unless composition materially changes reality","QA/documentation screenshot, not a reusable content image"
"docs/audits/screenshots/batch-5/after/iphone-768x1024-after.png","b5ecb26861250c361c059b086082724676c99ae6dca4072ddda238486c1d87ca","QA/documentation","Screenshot","not detected","not detected","not detected","1","Unnecessary asset","Do not migrate","Not required unless composition materially changes reality","QA/documentation screenshot, not a reusable content image"
"docs/audits/screenshots/batch-5/after/local-khonkaen-1024x768-after.png","5af1bf475763a32cf8a0fb971ceb78c7c156f5d2a3c951bf633e8f38d8d4bb2d","QA/documentation","Screenshot","yes","not detected","not detected","2","Do not reuse","Do not migrate; use verified Korat evidence or generic service imagery","Not required unless composition materially changes reality","Location-sensitive Khon Kaen or local-page context can mislead on the Korat site"
"docs/audits/screenshots/batch-5/after/local-khonkaen-1440x900-after.png","7f29c2117fb6aa307a80dafcf7c4cc2720d9ec01b5c6282c25c3957c3bd0bc5a","QA/documentation","Screenshot","yes","not detected","not detected","2","Do not reuse","Do not migrate; use verified Korat evidence or generic service imagery","Not required unless composition materially changes reality","Location-sensitive Khon Kaen or local-page context can mislead on the Korat site"
"docs/audits/screenshots/batch-5/after/local-khonkaen-1920x1080-after.png","629e730ef02a8dc04d1337cfe2c785144a3e33d180d4e099256f7f681d42500d","QA/documentation","Screenshot","yes","not detected","not detected","2","Do not reuse","Do not migrate; use verified Korat evidence or generic service imagery","Not required unless composition materially changes reality","Location-sensitive Khon Kaen or local-page context can mislead on the Korat site"
"docs/audits/screenshots/batch-5/after/local-khonkaen-360x800-after.png","45849695ff38276c584260c3d96106e315c6b9289bb6c232bf4dea77811c03a3","QA/documentation","Screenshot","yes","not detected","not detected","2","Do not reuse","Do not migrate; use verified Korat evidence or generic service imagery","Not required unless composition materially changes reality","Location-sensitive Khon Kaen or local-page context can mislead on the Korat site"
"docs/audits/screenshots/batch-5/after/local-khonkaen-390x844-after.png","889f6b8b0020a48ba1d1bb682240f9866dd421f3580a01925b983992bd2322a4","QA/documentation","Screenshot","yes","not detected","not detected","2","Do not reuse","Do not migrate; use verified Korat evidence or generic service imagery","Not required unless composition materially changes reality","Location-sensitive Khon Kaen or local-page context can mislead on the Korat site"
"docs/audits/screenshots/batch-5/after/local-khonkaen-430x932-after.png","89edd5ee921d4228e6e1cdc3804273ce8a80d27c401fe65bf9a48ab727972c37","QA/documentation","Screenshot","yes","not detected","not detected","2","Do not reuse","Do not migrate; use verified Korat evidence or generic service imagery","Not required unless composition materially changes reality","Location-sensitive Khon Kaen or local-page context can mislead on the Korat site"
"docs/audits/screenshots/batch-5/after/local-khonkaen-768x1024-after.png","4901aa1e4d306823c03b4947e46db42850ecfeff823ca5d88ffca8fa2285c6f0","QA/documentation","Screenshot","yes","not detected","not detected","2","Do not reuse","Do not migrate; use verified Korat evidence or generic service imagery","Not required unless composition materially changes reality","Location-sensitive Khon Kaen or local-page context can mislead on the Korat site"
"docs/audits/screenshots/batch-5/after/macbook-1024x768-after.png","2b85b486f5d5cb28d042587766dae680685d305d4da5356e0d276381a722c156","QA/documentation","Screenshot","not detected","not detected","not detected","1","Unnecessary asset","Do not migrate","Not required unless composition materially changes reality","QA/documentation screenshot, not a reusable content image"
"docs/audits/screenshots/batch-5/after/macbook-1440x900-after.png","93c42b4e2d045e6644888ba3edac2cda1bcc91c44774b85c7f9a6a4db45ca51b","QA/documentation","Screenshot","not detected","not detected","not detected","1","Unnecessary asset","Do not migrate","Not required unless composition materially changes reality","QA/documentation screenshot, not a reusable content image"
"docs/audits/screenshots/batch-5/after/macbook-1920x1080-after.png","2ae2ea35f86e63d72f6c6c6599f88d118246a0a27a9737fa11319649b2cf372e","QA/documentation","Screenshot","not detected","not detected","not detected","1","Unnecessary asset","Do not migrate","Not required unless composition materially changes reality","QA/documentation screenshot, not a reusable content image"
"docs/audits/screenshots/batch-5/after/macbook-360x800-after.png","5a905928bf23ac758d693a22d703c8ad6bae269e8df20d3763438c0083ff3aa7","QA/documentation","Screenshot","not detected","not detected","not detected","1","Unnecessary asset","Do not migrate","Not required unless composition materially changes reality","QA/documentation screenshot, not a reusable content image"
"docs/audits/screenshots/batch-5/after/macbook-390x844-after.png","1b4c69fd6a1199819a7631a09b70cbac89c62122bf8e9dff092f9f5477ee5c62","QA/documentation","Screenshot","not detected","not detected","not detected","1","Unnecessary asset","Do not migrate","Not required unless composition materially changes reality","QA/documentation screenshot, not a reusable content image"
"docs/audits/screenshots/batch-5/after/macbook-430x932-after.png","5b1408d7d536b9ffe42d31cab1de0524d8f45a9d7465fd4157db77ffa790622c","QA/documentation","Screenshot","not detected","not detected","not detected","1","Unnecessary asset","Do not migrate","Not required unless composition materially changes reality","QA/documentation screenshot, not a reusable content image"
"docs/audits/screenshots/batch-5/after/macbook-768x1024-after.png","bd19f6d51e7cc213db21af8bc8251e1ae18ed2a9e3d7da64c1cdec4828e8b27c","QA/documentation","Screenshot","not detected","not detected","not detected","1","Unnecessary asset","Do not migrate","Not required unless composition materially changes reality","QA/documentation screenshot, not a reusable content image"
"docs/audits/screenshots/batch-5/after/notebook-1024x768-after.png","2a16182a2ebe491a8a2ca0633fc173816f28d6563bfb8f131d21075cec791588","QA/documentation","Screenshot","not detected","not detected","not detected","2","Unnecessary asset","Do not migrate","Not required unless composition materially changes reality","QA/documentation screenshot, not a reusable content image"
"docs/audits/screenshots/batch-5/after/notebook-1440x900-after.png","d0182bbf4e25a44746c3ea45217b8d985c02c2e815596cbec671ddabef19d136","QA/documentation","Screenshot","not detected","not detected","not detected","2","Unnecessary asset","Do not migrate","Not required unless composition materially changes reality","QA/documentation screenshot, not a reusable content image"
"docs/audits/screenshots/batch-5/after/notebook-1920x1080-after.png","764ea720dc78a8dc9a247e93e425bf70a93b995453f478da3640103e8c6aacfa","QA/documentation","Screenshot","not detected","not detected","not detected","2","Unnecessary asset","Do not migrate","Not required unless composition materially changes reality","QA/documentation screenshot, not a reusable content image"
"docs/audits/screenshots/batch-5/after/notebook-360x800-after.png","c1a96701f70fe3aee083dd70a3963b06bca724c69d5d5688a9971b4a5ca9ef6a","QA/documentation","Screenshot","not detected","not detected","not detected","2","Unnecessary asset","Do not migrate","Not required unless composition materially changes reality","QA/documentation screenshot, not a reusable content image"
"docs/audits/screenshots/batch-5/after/notebook-390x844-after.png","17aaaefb53501ce2865ac9533315047ecc62fe38651666c659c89e47d366052a","QA/documentation","Screenshot","not detected","not detected","not detected","2","Unnecessary asset","Do not migrate","Not required unless composition materially changes reality","QA/documentation screenshot, not a reusable content image"
"docs/audits/screenshots/batch-5/after/notebook-430x932-after.png","1e2a70577e2c6d48f52939c4ef7ef9abe5b3e0894b674206213466ef9ece3dd1","QA/documentation","Screenshot","not detected","not detected","not detected","2","Unnecessary asset","Do not migrate","Not required unless composition materially changes reality","QA/documentation screenshot, not a reusable content image"
"docs/audits/screenshots/batch-5/after/notebook-768x1024-after.png","9ca8591c47709f9612e9b3f9e402cd983ad0dc24e5a061f80fd76a34e6734837","QA/documentation","Screenshot","not detected","not detected","not detected","2","Unnecessary asset","Do not migrate","Not required unless composition materially changes reality","QA/documentation screenshot, not a reusable content image"
"docs/audits/screenshots/batch-5/before/404-1024x768-after.png","ae6c4db1bf0881187a56462908ebd001378871e79b00ea976995685d1aa6122d","QA/documentation","Screenshot","not detected","not detected","not detected","1","Unnecessary asset","Do not migrate","Not required unless composition materially changes reality","QA/documentation screenshot, not a reusable content image"
"docs/audits/screenshots/batch-5/before/404-1440x900-after.png","4c94fab26c3aab3d80a88f664269a4706aec5d859b644a60dcce035bd3e7d1c1","QA/documentation","Screenshot","not detected","not detected","not detected","1","Unnecessary asset","Do not migrate","Not required unless composition materially changes reality","QA/documentation screenshot, not a reusable content image"
"docs/audits/screenshots/batch-5/before/404-1920x1080-after.png","6886dbef47f0f9380af684ac5e873533120f6ee63115656461525bc5ddf68659","QA/documentation","Screenshot","not detected","not detected","not detected","1","Unnecessary asset","Do not migrate","Not required unless composition materially changes reality","QA/documentation screenshot, not a reusable content image"
"docs/audits/screenshots/batch-5/before/404-360x800-after.png","f0a33908b6e4a259544b86bbaa41488101d098e41886b1e4832a3e409e8153b4","QA/documentation","Screenshot","not detected","not detected","not detected","1","Unnecessary asset","Do not migrate","Not required unless composition materially changes reality","QA/documentation screenshot, not a reusable content image"
"docs/audits/screenshots/batch-5/before/404-390x844-after.png","c80ffef9f6e622c1535dbc01aca91bf0afcbc97603bd1288e8bef818abd07d95","QA/documentation","Screenshot","not detected","not detected","not detected","2","Unnecessary asset","Do not migrate","Not required unless composition materially changes reality","QA/documentation screenshot, not a reusable content image"
"docs/audits/screenshots/batch-5/before/404-430x932-after.png","4431b49f091add26f60c1f8d6b615decbdddccbe2cbdfee5e1c82f1f8adbd9e3","QA/documentation","Screenshot","not detected","not detected","not detected","1","Unnecessary asset","Do not migrate","Not required unless composition materially changes reality","QA/documentation screenshot, not a reusable content image"
"docs/audits/screenshots/batch-5/before/404-768x1024-after.png","24624c898e427c54258741d64be751476ed363924afb923dab50a24b6ecd79be","QA/documentation","Screenshot","not detected","not detected","not detected","1","Unnecessary asset","Do not migrate","Not required unless composition materially changes reality","QA/documentation screenshot, not a reusable content image"
"docs/audits/screenshots/batch-5/before/blog-article-1024x768-after.png","fc9b95741d1c1eb4bb12002076307c28cab32715a66245941404e1b0b741f62a","QA/documentation","Screenshot","not detected","not detected","not detected","1","Unnecessary asset","Do not migrate","Not required unless composition materially changes reality","QA/documentation screenshot, not a reusable content image"
"docs/audits/screenshots/batch-5/before/blog-article-1440x900-after.png","5aaeddb23e2fb17a9ab17fdccccfed168065459a97c8b5f74e99ffd83b9e9081","QA/documentation","Screenshot","not detected","not detected","not detected","1","Unnecessary asset","Do not migrate","Not required unless composition materially changes reality","QA/documentation screenshot, not a reusable content image"
"docs/audits/screenshots/batch-5/before/blog-article-1920x1080-after.png","a1a6ca441b5d67358223b9c8544eacfe62364f7bc9528a82ded8600fd54899fe","QA/documentation","Screenshot","not detected","not detected","not detected","1","Unnecessary asset","Do not migrate","Not required unless composition materially changes reality","QA/documentation screenshot, not a reusable content image"
"docs/audits/screenshots/batch-5/before/blog-article-360x800-after.png","1e0be2d7913cfffceb7c21146a87a3075cadf095ecf721717359a87513499411","QA/documentation","Screenshot","not detected","not detected","not detected","1","Unnecessary asset","Do not migrate","Not required unless composition materially changes reality","QA/documentation screenshot, not a reusable content image"
"docs/audits/screenshots/batch-5/before/blog-article-390x844-after.png","ed6f460756bc29547967038e51b097554e81b219f9ef1eba3fa342faaf4f83a0","QA/documentation","Screenshot","not detected","not detected","not detected","1","Unnecessary asset","Do not migrate","Not required unless composition materially changes reality","QA/documentation screenshot, not a reusable content image"
"docs/audits/screenshots/batch-5/before/blog-article-430x932-after.png","8243b186e2193b9baf2edfb8783623c6db5fdcdc414e833bc123d4e1781b8ced","QA/documentation","Screenshot","not detected","not detected","not detected","1","Unnecessary asset","Do not migrate","Not required unless composition materially changes reality","QA/documentation screenshot, not a reusable content image"
"docs/audits/screenshots/batch-5/before/blog-article-768x1024-after.png","bb9b9b4c24b7a0e2ad1976df2499119f731840edde42707c838903b6b27d31bc","QA/documentation","Screenshot","not detected","not detected","not detected","1","Unnecessary asset","Do not migrate","Not required unless composition materially changes reality","QA/documentation screenshot, not a reusable content image"
"docs/audits/screenshots/batch-5/before/blog-index-1024x768-after.png","0b996687a9c066fb2bb12d73d8ea217f7a77ac2400cf571549949785ba64f249","QA/documentation","Screenshot","not detected","not detected","not detected","1","Unnecessary asset","Do not migrate","Not required unless composition materially changes reality","QA/documentation screenshot, not a reusable content image"
"docs/audits/screenshots/batch-5/before/blog-index-1440x900-after.png","df52d00064351d79af1fb79b29801faf78c8f48aa1189091f6012461867d9181","QA/documentation","Screenshot","not detected","not detected","not detected","1","Unnecessary asset","Do not migrate","Not required unless composition materially changes reality","QA/documentation screenshot, not a reusable content image"
"docs/audits/screenshots/batch-5/before/blog-index-1920x1080-after.png","bf7eb4f200ec99b12d3895da41acd509c50091adb897fcfc8e88d74fef25bcb6","QA/documentation","Screenshot","not detected","not detected","not detected","1","Unnecessary asset","Do not migrate","Not required unless composition materially changes reality","QA/documentation screenshot, not a reusable content image"
"docs/audits/screenshots/batch-5/before/blog-index-360x800-after.png","c6d27afd3b7b643535ad037f9bb69cd0c85e87d155a8cdd3235517c9477f0c41","QA/documentation","Screenshot","not detected","not detected","not detected","1","Unnecessary asset","Do not migrate","Not required unless composition materially changes reality","QA/documentation screenshot, not a reusable content image"
"docs/audits/screenshots/batch-5/before/blog-index-390x844-after.png","137e6b9e26b25c50c0aa694b7c0153cc4b639efc7528c09d1338be427a69e5c9","QA/documentation","Screenshot","not detected","not detected","not detected","1","Unnecessary asset","Do not migrate","Not required unless composition materially changes reality","QA/documentation screenshot, not a reusable content image"
"docs/audits/screenshots/batch-5/before/blog-index-430x932-after.png","b1f8a7fee2c9596f46cdbdf0d8f4b9a518b58f621fafd2b69871828256aaeb66","QA/documentation","Screenshot","not detected","not detected","not detected","1","Unnecessary asset","Do not migrate","Not required unless composition materially changes reality","QA/documentation screenshot, not a reusable content image"
"docs/audits/screenshots/batch-5/before/blog-index-768x1024-after.png","d3182361d6984bc56e78ac7aa4672e2f3c899f91ba388b02318c28ef4838c5b7","QA/documentation","Screenshot","not detected","not detected","not detected","1","Unnecessary asset","Do not migrate","Not required unless composition materially changes reality","QA/documentation screenshot, not a reusable content image"
"docs/audits/screenshots/batch-5/before/computer-1024x768-after.png","997f3233ee40910f9e1e5b5e1bb61aeb60bb09b84b4904afc1e6ad260a9d0b3d","QA/documentation","Screenshot","not detected","not detected","not detected","1","Unnecessary asset","Do not migrate","Not required unless composition materially changes reality","QA/documentation screenshot, not a reusable content image"
"docs/audits/screenshots/batch-5/before/computer-1440x900-after.png","9095ea231836ec6816667a0d6af0ad3a2d15193c70bd16c26a3e27500062e5b0","QA/documentation","Screenshot","not detected","not detected","not detected","1","Unnecessary asset","Do not migrate","Not required unless composition materially changes reality","QA/documentation screenshot, not a reusable content image"
"docs/audits/screenshots/batch-5/before/computer-1920x1080-after.png","02676e4f413f3cff862338bd781ba8f7676fd9ce9efa6967cb89aaab4934da07","QA/documentation","Screenshot","not detected","not detected","not detected","1","Unnecessary asset","Do not migrate","Not required unless composition materially changes reality","QA/documentation screenshot, not a reusable content image"
"docs/audits/screenshots/batch-5/before/computer-360x800-after.png","aa2d74f02384306d27ebe184346a966025759951e22bddb815f6b9fd6b20d970","QA/documentation","Screenshot","not detected","not detected","not detected","1","Unnecessary asset","Do not migrate","Not required unless composition materially changes reality","QA/documentation screenshot, not a reusable content image"
"docs/audits/screenshots/batch-5/before/computer-390x844-after.png","267f35fbb3a8e5c7f56dadfe6d8965f35376336392aecb873fe7b5fbe6e0c188","QA/documentation","Screenshot","not detected","not detected","not detected","1","Unnecessary asset","Do not migrate","Not required unless composition materially changes reality","QA/documentation screenshot, not a reusable content image"
"docs/audits/screenshots/batch-5/before/computer-430x932-after.png","d5e23999d22fa0e40c037d5e3f4426af458a2f56836f07bad757cdebe9e68491","QA/documentation","Screenshot","not detected","not detected","not detected","1","Unnecessary asset","Do not migrate","Not required unless composition materially changes reality","QA/documentation screenshot, not a reusable content image"
"docs/audits/screenshots/batch-5/before/computer-768x1024-after.png","2d6e6366826fac8e552f74764ea64b3c00c1000ec4cb87aca0deb69a8a2b60a4","QA/documentation","Screenshot","not detected","not detected","not detected","1","Unnecessary asset","Do not migrate","Not required unless composition materially changes reality","QA/documentation screenshot, not a reusable content image"
"docs/audits/screenshots/batch-5/before/contact-1024x768-after.png","0bd3f7c26217afe702f8a7c6890ae952c4ef4fcb6dc3a2b80bc9f0931a64d3c6","QA/documentation","Screenshot","not detected","not detected","not detected","1","Unnecessary asset","Do not migrate","Not required unless composition materially changes reality","QA/documentation screenshot, not a reusable content image"
"docs/audits/screenshots/batch-5/before/contact-1440x900-after.png","fe010fbc9fa2ffe96cb66c09a72aeeeaf31af0810c7a1b8b54e652121931e57d","QA/documentation","Screenshot","not detected","not detected","not detected","1","Unnecessary asset","Do not migrate","Not required unless composition materially changes reality","QA/documentation screenshot, not a reusable content image"
"docs/audits/screenshots/batch-5/before/contact-1920x1080-after.png","0465bac1398a43791a59230b9284d721346f9f3a6bef0900972c0cfb88808d7f","QA/documentation","Screenshot","not detected","not detected","not detected","1","Unnecessary asset","Do not migrate","Not required unless composition materially changes reality","QA/documentation screenshot, not a reusable content image"
"docs/audits/screenshots/batch-5/before/contact-360x800-after.png","f48517d93aea45777f2b70cef7f8969dedfa40ee1d45a88078d1d2337b09a1a3","QA/documentation","Screenshot","not detected","not detected","not detected","1","Unnecessary asset","Do not migrate","Not required unless composition materially changes reality","QA/documentation screenshot, not a reusable content image"
"docs/audits/screenshots/batch-5/before/contact-390x844-after.png","2b3c5302c7400d263d5d91ea8160c698fa71e5e0f2d33c1f9834c8ee8a4592b3","QA/documentation","Screenshot","not detected","not detected","not detected","1","Unnecessary asset","Do not migrate","Not required unless composition materially changes reality","QA/documentation screenshot, not a reusable content image"
"docs/audits/screenshots/batch-5/before/contact-430x932-after.png","d4bdc5244f6c928540d3f4a5b8657a14c02d664cf9223d8ece5ee97be2b16da1","QA/documentation","Screenshot","not detected","not detected","not detected","1","Unnecessary asset","Do not migrate","Not required unless composition materially changes reality","QA/documentation screenshot, not a reusable content image"
"docs/audits/screenshots/batch-5/before/contact-768x1024-after.png","6019bc34a90af8b444a056029a2e926bcc79e36c2c9e7ba171d834ab974c90eb","QA/documentation","Screenshot","not detected","not detected","not detected","1","Unnecessary asset","Do not migrate","Not required unless composition materially changes reality","QA/documentation screenshot, not a reusable content image"
"docs/audits/screenshots/batch-5/before/gpu-1024x768-after.png","357223310a8f788a53d5301127394346ed386e1fbdea57ffe6e382022786e383","QA/documentation","Screenshot","not detected","not detected","not detected","1","Unnecessary asset","Do not migrate","Not required unless composition materially changes reality","QA/documentation screenshot, not a reusable content image"
"docs/audits/screenshots/batch-5/before/gpu-1440x900-after.png","b53cf5b7c5c765fa9ec7a73280e1641ecbc1e22f0a5c257daa66e61cc5f1a960","QA/documentation","Screenshot","not detected","not detected","not detected","1","Unnecessary asset","Do not migrate","Not required unless composition materially changes reality","QA/documentation screenshot, not a reusable content image"
"docs/audits/screenshots/batch-5/before/gpu-1920x1080-after.png","00d43e718f2208de8472e16a3c5cb63cabf6c111a0f2de5b9c7c3185f22ac648","QA/documentation","Screenshot","not detected","not detected","not detected","1","Unnecessary asset","Do not migrate","Not required unless composition materially changes reality","QA/documentation screenshot, not a reusable content image"
"docs/audits/screenshots/batch-5/before/gpu-360x800-after.png","29149953aa8ad432274f23be8744b6506de29ad42af9171635e8c9dde5851bab","QA/documentation","Screenshot","not detected","not detected","not detected","1","Unnecessary asset","Do not migrate","Not required unless composition materially changes reality","QA/documentation screenshot, not a reusable content image"
"docs/audits/screenshots/batch-5/before/gpu-390x844-after.png","ccff167af17fa63dae0d64c598d355ec50196c0b07ca24a41633e4c8ad402c9e","QA/documentation","Screenshot","not detected","not detected","not detected","1","Unnecessary asset","Do not migrate","Not required unless composition materially changes reality","QA/documentation screenshot, not a reusable content image"
"docs/audits/screenshots/batch-5/before/gpu-430x932-after.png","46dbeb673d5f98690f62d563f8f23b13c6a3a8bd3cf4f3e417601fe1a6ee5ff2","QA/documentation","Screenshot","not detected","not detected","not detected","1","Unnecessary asset","Do not migrate","Not required unless composition materially changes reality","QA/documentation screenshot, not a reusable content image"
"docs/audits/screenshots/batch-5/before/gpu-768x1024-after.png","a344f20653d571178a274b2da1bcd4a479ca2a1f64c9f14f8f3dfa76fb22911a","QA/documentation","Screenshot","not detected","not detected","not detected","1","Unnecessary asset","Do not migrate","Not required unless composition materially changes reality","QA/documentation screenshot, not a reusable content image"
"docs/audits/screenshots/batch-5/before/home-1024x768-after.png","da8bc75b0b72d8a0d56ccaf0b9b39785ce95fda558beab12b54e64e0169b0539","QA/documentation","Screenshot","not detected","not detected","not detected","1","Unnecessary asset","Do not migrate","Not required unless composition materially changes reality","QA/documentation screenshot, not a reusable content image"
"docs/audits/screenshots/batch-5/before/home-1440x900-after.png","9f4441953b5e66438686bfe565becca027abba813f5473609e9cf2a009ecae9d","QA/documentation","Screenshot","not detected","not detected","not detected","1","Unnecessary asset","Do not migrate","Not required unless composition materially changes reality","QA/documentation screenshot, not a reusable content image"
"docs/audits/screenshots/batch-5/before/home-1920x1080-after.png","5950be4d1693a58063f731bdc92cd11db278c51c78f7d0b27b389682ca003b7b","QA/documentation","Screenshot","not detected","not detected","not detected","1","Unnecessary asset","Do not migrate","Not required unless composition materially changes reality","QA/documentation screenshot, not a reusable content image"
"docs/audits/screenshots/batch-5/before/home-360x800-after.png","ff5218f77a7a1272f1c1fc6e6c2cb8508c5b561f0bca4cd814e6809bd68fa162","QA/documentation","Screenshot","not detected","not detected","not detected","2","Unnecessary asset","Do not migrate","Not required unless composition materially changes reality","QA/documentation screenshot, not a reusable content image"
"docs/audits/screenshots/batch-5/before/home-390x844-after.png","9fbe96c53a2d4cb0547babd882e03330a4d870c1e39a799a7ecd29a3ab36ff4b","QA/documentation","Screenshot","not detected","not detected","not detected","2","Unnecessary asset","Do not migrate","Not required unless composition materially changes reality","QA/documentation screenshot, not a reusable content image"
"docs/audits/screenshots/batch-5/before/home-430x932-after.png","ca03e9110babbe80e4142727c6803e6b743f24746d8d2106e2626e6e12276d72","QA/documentation","Screenshot","not detected","not detected","not detected","1","Unnecessary asset","Do not migrate","Not required unless composition materially changes reality","QA/documentation screenshot, not a reusable content image"
"docs/audits/screenshots/batch-5/before/home-768x1024-after.png","4b7d5b62d4b05b8a61ee92da1eb0b8d026c1fd36ad2225e8b24371b3aa9ea544","QA/documentation","Screenshot","not detected","not detected","not detected","1","Unnecessary asset","Do not migrate","Not required unless composition materially changes reality","QA/documentation screenshot, not a reusable content image"
"docs/audits/screenshots/batch-5/before/iphone-1024x768-after.png","7a385fa9e2c5e0cd914a6368c6c08b374c4405d8d994e10cee5be4ffa593ff2d","QA/documentation","Screenshot","not detected","not detected","not detected","1","Unnecessary asset","Do not migrate","Not required unless composition materially changes reality","QA/documentation screenshot, not a reusable content image"
"docs/audits/screenshots/batch-5/before/iphone-1440x900-after.png","e081d54a464356ef18bd3d70257e8a2e55d373f898a90daffa26da2d67263d44","QA/documentation","Screenshot","not detected","not detected","not detected","1","Unnecessary asset","Do not migrate","Not required unless composition materially changes reality","QA/documentation screenshot, not a reusable content image"
"docs/audits/screenshots/batch-5/before/iphone-1920x1080-after.png","0d56f5666912adc6e9ca7ac00e37be1952dd3b3e082a75db2facbedfa1befb53","QA/documentation","Screenshot","not detected","not detected","not detected","1","Unnecessary asset","Do not migrate","Not required unless composition materially changes reality","QA/documentation screenshot, not a reusable content image"
"docs/audits/screenshots/batch-5/before/iphone-360x800-after.png","c979773e75ad741e98f9153da2c0027c6ea782c428b6584a60035d3b15e8371c","QA/documentation","Screenshot","not detected","not detected","not detected","1","Unnecessary asset","Do not migrate","Not required unless composition materially changes reality","QA/documentation screenshot, not a reusable content image"
"docs/audits/screenshots/batch-5/before/iphone-390x844-after.png","c9a2b952cbf019ea72787c181ea22d1598bdac79dda2debeacb00ff9b6f889ad","QA/documentation","Screenshot","not detected","not detected","not detected","1","Unnecessary asset","Do not migrate","Not required unless composition materially changes reality","QA/documentation screenshot, not a reusable content image"
"docs/audits/screenshots/batch-5/before/iphone-430x932-after.png","3e0a77c77edcb3120e9aec82bcb01ab4fe9f96a0826b451046077736642100df","QA/documentation","Screenshot","not detected","not detected","not detected","1","Unnecessary asset","Do not migrate","Not required unless composition materially changes reality","QA/documentation screenshot, not a reusable content image"
"docs/audits/screenshots/batch-5/before/iphone-768x1024-after.png","194db21c4bef9438994b8cee8d3cd639fc63b77b2a6e26e0d2ad3b003408f942","QA/documentation","Screenshot","not detected","not detected","not detected","1","Unnecessary asset","Do not migrate","Not required unless composition materially changes reality","QA/documentation screenshot, not a reusable content image"
"docs/audits/screenshots/batch-5/before/local-khonkaen-1024x768-after.png","3cbffb1e7dad46d47af2c9827897fee068486351a15fac80757fc4421b81f3a5","QA/documentation","Screenshot","yes","not detected","not detected","1","Do not reuse","Do not migrate; use verified Korat evidence or generic service imagery","Not required unless composition materially changes reality","Location-sensitive Khon Kaen or local-page context can mislead on the Korat site"
"docs/audits/screenshots/batch-5/before/local-khonkaen-1440x900-after.png","cd74045a490ee577200f68191eb814caf122339081d0fde22c94e066cb4f9fa7","QA/documentation","Screenshot","yes","not detected","not detected","1","Do not reuse","Do not migrate; use verified Korat evidence or generic service imagery","Not required unless composition materially changes reality","Location-sensitive Khon Kaen or local-page context can mislead on the Korat site"
"docs/audits/screenshots/batch-5/before/local-khonkaen-1920x1080-after.png","8668255d6d7ffb49771b4adfe9c096e5b57f9ed5cee911016cfeca43f9551a87","QA/documentation","Screenshot","yes","not detected","not detected","1","Do not reuse","Do not migrate; use verified Korat evidence or generic service imagery","Not required unless composition materially changes reality","Location-sensitive Khon Kaen or local-page context can mislead on the Korat site"
"docs/audits/screenshots/batch-5/before/local-khonkaen-360x800-after.png","0a8bf40f7efaedf06055cfa57f425252bb175acdcd0a3eae6f69c8cd9fc77852","QA/documentation","Screenshot","yes","not detected","not detected","1","Do not reuse","Do not migrate; use verified Korat evidence or generic service imagery","Not required unless composition materially changes reality","Location-sensitive Khon Kaen or local-page context can mislead on the Korat site"
"docs/audits/screenshots/batch-5/before/local-khonkaen-390x844-after.png","244c5048c671ce88dd4e3175cb7a4ff570314b18ff03adc9f88af75721602e96","QA/documentation","Screenshot","yes","not detected","not detected","2","Do not reuse","Do not migrate; use verified Korat evidence or generic service imagery","Not required unless composition materially changes reality","Location-sensitive Khon Kaen or local-page context can mislead on the Korat site"
"docs/audits/screenshots/batch-5/before/local-khonkaen-430x932-after.png","3be66204cdac198e5d613c4b2160ddd03d79d0f67d2e89144cc666f0711a729f","QA/documentation","Screenshot","yes","not detected","not detected","1","Do not reuse","Do not migrate; use verified Korat evidence or generic service imagery","Not required unless composition materially changes reality","Location-sensitive Khon Kaen or local-page context can mislead on the Korat site"
"docs/audits/screenshots/batch-5/before/local-khonkaen-768x1024-after.png","2367ad89785251e3f3576bed47a11c0695c8406d1dc9b6e75a6e649c63313c5c","QA/documentation","Screenshot","yes","not detected","not detected","1","Do not reuse","Do not migrate; use verified Korat evidence or generic service imagery","Not required unless composition materially changes reality","Location-sensitive Khon Kaen or local-page context can mislead on the Korat site"
"docs/audits/screenshots/batch-5/before/macbook-1024x768-after.png","3a34ee090964cd11f6f77bfaca3fbb1ba4f1f4dbfb81180c1406cc2a43551950","QA/documentation","Screenshot","not detected","not detected","not detected","1","Unnecessary asset","Do not migrate","Not required unless composition materially changes reality","QA/documentation screenshot, not a reusable content image"
"docs/audits/screenshots/batch-5/before/macbook-1440x900-after.png","988983e551d972714f90b259d5633de1168f5548c1c1c4251fffa40a086c16eb","QA/documentation","Screenshot","not detected","not detected","not detected","1","Unnecessary asset","Do not migrate","Not required unless composition materially changes reality","QA/documentation screenshot, not a reusable content image"
"docs/audits/screenshots/batch-5/before/macbook-1920x1080-after.png","b94c2c8d545908e904fb933b8508f6c4fa1892d3e1ff4244ad87e3acf261b6f5","QA/documentation","Screenshot","not detected","not detected","not detected","1","Unnecessary asset","Do not migrate","Not required unless composition materially changes reality","QA/documentation screenshot, not a reusable content image"
"docs/audits/screenshots/batch-5/before/macbook-360x800-after.png","3c3f4281f9cf1befa6afe701581cdbfa3eabb9fa5d414fe797a8c837cf92c95e","QA/documentation","Screenshot","not detected","not detected","not detected","1","Unnecessary asset","Do not migrate","Not required unless composition materially changes reality","QA/documentation screenshot, not a reusable content image"
"docs/audits/screenshots/batch-5/before/macbook-390x844-after.png","9f98cdb08a464192797b141e3dc24b717fda678643abaa85e0d35f4dac56685b","QA/documentation","Screenshot","not detected","not detected","not detected","1","Unnecessary asset","Do not migrate","Not required unless composition materially changes reality","QA/documentation screenshot, not a reusable content image"
"docs/audits/screenshots/batch-5/before/macbook-430x932-after.png","7add6e4ad99ab92aa677afdd825d5edfccc359b45ba886d70042000e77b6cf41","QA/documentation","Screenshot","not detected","not detected","not detected","1","Unnecessary asset","Do not migrate","Not required unless composition materially changes reality","QA/documentation screenshot, not a reusable content image"
"docs/audits/screenshots/batch-5/before/macbook-768x1024-after.png","24f41fb428945b855e7894ccbd2a5cc57ef3730f378497d67d533c7aa10c2351","QA/documentation","Screenshot","not detected","not detected","not detected","1","Unnecessary asset","Do not migrate","Not required unless composition materially changes reality","QA/documentation screenshot, not a reusable content image"
"docs/audits/screenshots/batch-5/before/notebook-1024x768-after.png","3627b635204db3e3690e95e7f44a5bebf510da19122256bf0c184432f9ceac22","QA/documentation","Screenshot","not detected","not detected","not detected","1","Unnecessary asset","Do not migrate","Not required unless composition materially changes reality","QA/documentation screenshot, not a reusable content image"
"docs/audits/screenshots/batch-5/before/notebook-1440x900-after.png","f66ea3d78531cc30b8ea1867bfb857d834e8104803fbdfcd9615a21ea03a4a17","QA/documentation","Screenshot","not detected","not detected","not detected","1","Unnecessary asset","Do not migrate","Not required unless composition materially changes reality","QA/documentation screenshot, not a reusable content image"
"docs/audits/screenshots/batch-5/before/notebook-1920x1080-after.png","d6e48eeca75c438263516131bb244eaac6bc0c7e717331af85f3f8cf1d610ab9","QA/documentation","Screenshot","not detected","not detected","not detected","1","Unnecessary asset","Do not migrate","Not required unless composition materially changes reality","QA/documentation screenshot, not a reusable content image"
"docs/audits/screenshots/batch-5/before/notebook-360x800-after.png","ad43f5ef31055eb036c15b199e3bbb715e2dee793d3ed642d8037879d3bf94bf","QA/documentation","Screenshot","not detected","not detected","not detected","1","Unnecessary asset","Do not migrate","Not required unless composition materially changes reality","QA/documentation screenshot, not a reusable content image"
"docs/audits/screenshots/batch-5/before/notebook-390x844-after.png","a406ffabffbf88b0ecd3c7f5063798648fe22038b1ced381cac2462b3e02dc33","QA/documentation","Screenshot","not detected","not detected","not detected","2","Unnecessary asset","Do not migrate","Not required unless composition materially changes reality","QA/documentation screenshot, not a reusable content image"
"docs/audits/screenshots/batch-5/before/notebook-430x932-after.png","0a6e2e54dd5a2d483e301a3cf24039690c8b10c56ee8d7504588e68457fb875f","QA/documentation","Screenshot","not detected","not detected","not detected","1","Unnecessary asset","Do not migrate","Not required unless composition materially changes reality","QA/documentation screenshot, not a reusable content image"
"docs/audits/screenshots/batch-5/before/notebook-768x1024-after.png","a5f7b20a5c86f493443696237e6c5410c9d09fa836e24b68597dd852cf054c4d","QA/documentation","Screenshot","not detected","not detected","not detected","1","Unnecessary asset","Do not migrate","Not required unless composition materially changes reality","QA/documentation screenshot, not a reusable content image"
"docs/batch-12/production-screenshots/category-notebook-768.png","4b0d1aaec9a45115f119dff7bc13d324f92ba128f87db1048f74ad49af3b5551","QA/documentation","Screenshot","not detected","not detected","not detected","2","Unnecessary asset","Do not migrate","Not required unless composition materially changes reality","QA/documentation screenshot, not a reusable content image"
"docs/batch-12/production-screenshots/home-1440.png","d04c41efa56a94725bd6d8d8f2886429c0466969c5c268d8028d665b6c00dc00","QA/documentation","Screenshot","not detected","not detected","not detected","4","Unnecessary asset","Do not migrate","Not required unless composition materially changes reality","QA/documentation screenshot, not a reusable content image"
"docs/batch-12/production-screenshots/home-1920.png","3a270da15a045b57b4074a42d66d6a62c965e96300803986299fad1a6243d1cc","QA/documentation","Screenshot","not detected","not detected","not detected","2","Unnecessary asset","Do not migrate","Not required unless composition materially changes reality","QA/documentation screenshot, not a reusable content image"
"docs/batch-12/production-screenshots/home-360-closed.png","89c9005a12ca757af4cf14cc056b5791079bc424bb028a22d0d5bb2f5ebb4c21","QA/documentation","Screenshot","not detected","not detected","not detected","4","Unnecessary asset","Do not migrate","Not required unless composition materially changes reality","QA/documentation screenshot, not a reusable content image"
"docs/batch-12/production-screenshots/home-360-open.png","2445a9862d3a5a3f2b393afe8b84acf2906d1b9d458da3d52306b76b2620faab","QA/documentation","Screenshot","not detected","not detected","not detected","1","Unnecessary asset","Do not migrate","Not required unless composition materially changes reality","QA/documentation screenshot, not a reusable content image"
"docs/batch-12/production-screenshots/home-390-open.png","54dfbd77b1922bd6626f5b368547c90bc0a0bb9c742494d32b89b2af2e3cb1e1","QA/documentation","Screenshot","not detected","not detected","not detected","1","Unnecessary asset","Do not migrate","Not required unless composition materially changes reality","QA/documentation screenshot, not a reusable content image"
"docs/batch-12/production-screenshots/home-430-open.png","795071bfa531e884401ce48b1314997f9e826d0af130ab4ea782b8019a399e97","QA/documentation","Screenshot","not detected","not detected","not detected","1","Unnecessary asset","Do not migrate","Not required unless composition materially changes reality","QA/documentation screenshot, not a reusable content image"
"docs/batch-12/production-screenshots/service-area-1024.png","9bd51f6963afab04bb1718438703de9926b7fe92837a5692366c4c3ffd13fa4d","QA/documentation","Screenshot","not detected","not detected","not detected","1","Unnecessary asset","Do not migrate","Not required unless composition materially changes reality","QA/documentation screenshot, not a reusable content image"
"docs/batch-12/screenshots/category-notebook-390.png","4a4873d1a88d9090cac7b6dfaa67bebbb76863f23e769a373df87fdf155e7aee","QA/documentation","Screenshot","not detected","not detected","not detected","2","Unnecessary asset","Do not migrate","Not required unless composition materially changes reality","QA/documentation screenshot, not a reusable content image"
"docs/batch-12/screenshots/homepage-1440.png","d04c41efa56a94725bd6d8d8f2886429c0466969c5c268d8028d665b6c00dc00","QA/documentation","Screenshot","not detected","not detected","not detected","4","Unnecessary asset","Do not migrate","Not required unless composition materially changes reality","QA/documentation screenshot, not a reusable content image"
"docs/batch-12/screenshots/homepage-360-closed.png","89c9005a12ca757af4cf14cc056b5791079bc424bb028a22d0d5bb2f5ebb4c21","QA/documentation","Screenshot","not detected","not detected","not detected","4","Unnecessary asset","Do not migrate","Not required unless composition materially changes reality","QA/documentation screenshot, not a reusable content image"
"docs/batch-12/screenshots/homepage-360-open.png","5ffddf570670d62bfe6fe5ca92918fa0e7a20cf806464795c74d088b95019be3","QA/documentation","Screenshot","not detected","not detected","not detected","1","Unnecessary asset","Do not migrate","Not required unless composition materially changes reality","QA/documentation screenshot, not a reusable content image"
"docs/batch-12/screenshots/homepage-390-open.png","3d3a9cf1fc64f401466918c9fd8b69acd8d46accb6de73143767614121c7ad5c","QA/documentation","Screenshot","not detected","not detected","not detected","1","Unnecessary asset","Do not migrate","Not required unless composition materially changes reality","QA/documentation screenshot, not a reusable content image"
"docs/batch-12/screenshots/homepage-430-open.png","ca64d3640cb91c8214e22507d3dc49c907734696e59b6ea7608887b5442e321c","QA/documentation","Screenshot","not detected","not detected","not detected","1","Unnecessary asset","Do not migrate","Not required unless composition materially changes reality","QA/documentation screenshot, not a reusable content image"
"docs/batch-12/screenshots/local-area-390.png","c0df0853e054c08d1024bfd4b5add3d99a1dc1a2e6d2b4f27c59e884d4621181","QA/documentation","Screenshot","yes","not detected","not detected","1","Do not reuse","Do not migrate; use verified Korat evidence or generic service imagery","Not required unless composition materially changes reality","Location-sensitive Khon Kaen or local-page context can mislead on the Korat site"
"docs/batch-13/layout-screenshots/404-1024x768.png","d32a4e3bdcaf0576ac2e0162fff6f9e465138e9691fe5fec5cacf5d2cb5f23e1","QA/documentation","Screenshot","not detected","not detected","not detected","1","Unnecessary asset","Do not migrate","Not required unless composition materially changes reality","QA/documentation screenshot, not a reusable content image"
"docs/batch-13/layout-screenshots/404-1440x900.png","9e4e8b6d6ef70ec1b1af4bb3661a95c813030a635e42a1d939f1c3f1a77a8a12","QA/documentation","Screenshot","not detected","not detected","not detected","1","Unnecessary asset","Do not migrate","Not required unless composition materially changes reality","QA/documentation screenshot, not a reusable content image"
"docs/batch-13/layout-screenshots/404-1920x1080.png","c75348de0483aea4a4b079f91a232be65620916c9724a1b65521afa7680b06ed","QA/documentation","Screenshot","not detected","not detected","not detected","1","Unnecessary asset","Do not migrate","Not required unless composition materially changes reality","QA/documentation screenshot, not a reusable content image"
"docs/batch-13/layout-screenshots/404-360x800.png","e5c813c1be22d989f36006d4cd9ec83b722748eb4d3907da8030ffa3b1943680","QA/documentation","Screenshot","not detected","not detected","not detected","1","Unnecessary asset","Do not migrate","Not required unless composition materially changes reality","QA/documentation screenshot, not a reusable content image"
"docs/batch-13/layout-screenshots/404-390x844.png","4b8a8635782a958520644f71a164c9d3f945124a9a184a032860f092527c6b96","QA/documentation","Screenshot","not detected","not detected","not detected","1","Unnecessary asset","Do not migrate","Not required unless composition materially changes reality","QA/documentation screenshot, not a reusable content image"
"docs/batch-13/layout-screenshots/404-430x932.png","05d94100cdc4916cd8ccb777298327b38318c022498cd8a85854229edf94fce5","QA/documentation","Screenshot","not detected","not detected","not detected","1","Unnecessary asset","Do not migrate","Not required unless composition materially changes reality","QA/documentation screenshot, not a reusable content image"
"docs/batch-13/layout-screenshots/404-768x1024.png","e9551e935d07dbd120e440b3dbb04db1f2d51e73b8243bafc07bf820d3c19b73","QA/documentation","Screenshot","not detected","not detected","not detected","1","Unnecessary asset","Do not migrate","Not required unless composition materially changes reality","QA/documentation screenshot, not a reusable content image"
"docs/batch-13/layout-screenshots/about-1024x768.png","26dbd8708a1831ab4f9484688686503aec4edf6c0d8c4bb445070c80119d953a","QA/documentation","Screenshot","not detected","not detected","not detected","1","Unnecessary asset","Do not migrate","Not required unless composition materially changes reality","QA/documentation screenshot, not a reusable content image"
"docs/batch-13/layout-screenshots/about-1440x900.png","57b8d4172fc8e1b4d91b2ada3c9d764f090c30adeb2545040a55fd0047330284","QA/documentation","Screenshot","not detected","not detected","not detected","2","Unnecessary asset","Do not migrate","Not required unless composition materially changes reality","QA/documentation screenshot, not a reusable content image"
"docs/batch-13/layout-screenshots/about-1920x1080.png","09582594603e73aded2cfb9e4b5dcc483510db1a35435f7b8ed40986342e2dc7","QA/documentation","Screenshot","not detected","not detected","not detected","1","Unnecessary asset","Do not migrate","Not required unless composition materially changes reality","QA/documentation screenshot, not a reusable content image"
"docs/batch-13/layout-screenshots/about-360x800.png","86e63eefe70ec1e4597425a9e0d8576528c16cbca2f63266e8463cf42142447a","QA/documentation","Screenshot","not detected","not detected","not detected","1","Unnecessary asset","Do not migrate","Not required unless composition materially changes reality","QA/documentation screenshot, not a reusable content image"
"docs/batch-13/layout-screenshots/about-390x844.png","c05975ce717e93ba9ccb229b0fca1c18a773aa84b265b73f82119ad84073c764","QA/documentation","Screenshot","not detected","not detected","not detected","2","Unnecessary asset","Do not migrate","Not required unless composition materially changes reality","QA/documentation screenshot, not a reusable content image"
"docs/batch-13/layout-screenshots/about-430x932.png","54e1393bb3666d7c01828cba1fac8ea4f62587d993ea0fe3d24a2e382cf904ec","QA/documentation","Screenshot","not detected","not detected","not detected","1","Unnecessary asset","Do not migrate","Not required unless composition materially changes reality","QA/documentation screenshot, not a reusable content image"
"docs/batch-13/layout-screenshots/about-768x1024.png","b16de8446e62f9db9fe5545be17f1ecd2a4f52b61bfd56724276db8d9f643a09","QA/documentation","Screenshot","not detected","not detected","not detected","1","Unnecessary asset","Do not migrate","Not required unless composition materially changes reality","QA/documentation screenshot, not a reusable content image"
"docs/batch-13/layout-screenshots/article-1024x768.png","fe10407ff923f6b6f55d3042b0ce8c3ce3efabebd673774256158f8d2f61996d","QA/documentation","Screenshot","not detected","not detected","not detected","1","Unnecessary asset","Do not migrate","Not required unless composition materially changes reality","QA/documentation screenshot, not a reusable content image"
"docs/batch-13/layout-screenshots/article-1440x900.png","a41d65c34e9a3aaa7e8c0ded31199b49d69312e1964f03d3e80136421c742af4","QA/documentation","Screenshot","not detected","not detected","not detected","1","Unnecessary asset","Do not migrate","Not required unless composition materially changes reality","QA/documentation screenshot, not a reusable content image"
"docs/batch-13/layout-screenshots/article-1920x1080.png","b80a94aec7e6a1e85c7e9ee5b1ee93670056377b9e8f697e48f270adac8188e5","QA/documentation","Screenshot","not detected","not detected","not detected","1","Unnecessary asset","Do not migrate","Not required unless composition materially changes reality","QA/documentation screenshot, not a reusable content image"
"docs/batch-13/layout-screenshots/article-360x800.png","80ac3c46eab50d233669d90658a2478b17a0a4c06881455a66257d129d764ab8","QA/documentation","Screenshot","not detected","not detected","not detected","1","Unnecessary asset","Do not migrate","Not required unless composition materially changes reality","QA/documentation screenshot, not a reusable content image"
"docs/batch-13/layout-screenshots/article-390x844.png","a80936bf5e3fd3d3f1978c9a937d5b59252dcd318f745b626567e8263e3b8bf3","QA/documentation","Screenshot","not detected","not detected","not detected","1","Unnecessary asset","Do not migrate","Not required unless composition materially changes reality","QA/documentation screenshot, not a reusable content image"
"docs/batch-13/layout-screenshots/article-430x932.png","0f75c54b4f883e792595940f7179d56d562c03b5118720b45aef4b334fab481b","QA/documentation","Screenshot","not detected","not detected","not detected","1","Unnecessary asset","Do not migrate","Not required unless composition materially changes reality","QA/documentation screenshot, not a reusable content image"
"docs/batch-13/layout-screenshots/article-768x1024.png","4e7c04c1b0b766312cc3a4e183da085006fef94cf2383195cc338c6a68c6063c","QA/documentation","Screenshot","not detected","not detected","not detected","1","Unnecessary asset","Do not migrate","Not required unless composition materially changes reality","QA/documentation screenshot, not a reusable content image"
"docs/batch-13/layout-screenshots/brand-1024x768.png","fe3411f2b66bbc721371a541faf9d9341280c799aa6b1a866720fbdf993ed1e4","QA/documentation","Screenshot","not detected","not detected","not detected","1","Unnecessary asset","Do not migrate","Not required unless composition materially changes reality","QA/documentation screenshot, not a reusable content image"
"docs/batch-13/layout-screenshots/brand-1440x900.png","febd23830b0c3d8344808ef120c0335f2c190a21c78c14164d4e5526f14fc7ec","QA/documentation","Screenshot","not detected","not detected","not detected","1","Unnecessary asset","Do not migrate","Not required unless composition materially changes reality","QA/documentation screenshot, not a reusable content image"
"docs/batch-13/layout-screenshots/brand-1920x1080.png","b9cc6953b6225350ce07c375556cdf30dbccce50d862089281b8093c275c5638","QA/documentation","Screenshot","not detected","not detected","not detected","1","Unnecessary asset","Do not migrate","Not required unless composition materially changes reality","QA/documentation screenshot, not a reusable content image"
"docs/batch-13/layout-screenshots/brand-360x800.png","0c74b7000e319a3e8b21dbc006170b5ccd432e6699b993ee50cc34da1bb9444c","QA/documentation","Screenshot","not detected","not detected","not detected","1","Unnecessary asset","Do not migrate","Not required unless composition materially changes reality","QA/documentation screenshot, not a reusable content image"
"docs/batch-13/layout-screenshots/brand-390x844.png","cae19be61d6053cea7f3104dabc6cf924d994594c9f2ed95bd3508a4c1654e53","QA/documentation","Screenshot","not detected","not detected","not detected","1","Unnecessary asset","Do not migrate","Not required unless composition materially changes reality","QA/documentation screenshot, not a reusable content image"
"docs/batch-13/layout-screenshots/brand-430x932.png","7726255acc29ad4a3bd27cd9a21dbdf94cadbf50162c65989c89794e9eed9f15","QA/documentation","Screenshot","not detected","not detected","not detected","1","Unnecessary asset","Do not migrate","Not required unless composition materially changes reality","QA/documentation screenshot, not a reusable content image"
"docs/batch-13/layout-screenshots/brand-768x1024.png","b6fa1cb745df4a4dced6d9616fc03c5248dd41b33a1eafe295dfda0a9d05acbe","QA/documentation","Screenshot","not detected","not detected","not detected","1","Unnecessary asset","Do not migrate","Not required unless composition materially changes reality","QA/documentation screenshot, not a reusable content image"
"docs/batch-13/layout-screenshots/category-1024x768.png","f5a8b311708377aa891081ccf3eb112c73f94fb08a42c24f358ba77e48c3cdd9","QA/documentation","Screenshot","not detected","not detected","not detected","1","Unnecessary asset","Do not migrate","Not required unless composition materially changes reality","QA/documentation screenshot, not a reusable content image"
"docs/batch-13/layout-screenshots/category-1440x900.png","dd82869c37d8ee4a20b8e8b9c6474244085b13397bba754878c8fda9038700b4","QA/documentation","Screenshot","not detected","not detected","not detected","1","Unnecessary asset","Do not migrate","Not required unless composition materially changes reality","QA/documentation screenshot, not a reusable content image"
"docs/batch-13/layout-screenshots/category-1920x1080.png","d11fbed13c0b1cf3b4151d124ba4a35a981e614f287172adead3e4012eedc47d","QA/documentation","Screenshot","not detected","not detected","not detected","1","Unnecessary asset","Do not migrate","Not required unless composition materially changes reality","QA/documentation screenshot, not a reusable content image"
"docs/batch-13/layout-screenshots/category-360x800.png","193c98bd371c011302a56f27b41fe42a1afbea047a352d59cc0f9add3ec60ac2","QA/documentation","Screenshot","not detected","not detected","not detected","1","Unnecessary asset","Do not migrate","Not required unless composition materially changes reality","QA/documentation screenshot, not a reusable content image"
"docs/batch-13/layout-screenshots/category-390x844.png","4a4873d1a88d9090cac7b6dfaa67bebbb76863f23e769a373df87fdf155e7aee","QA/documentation","Screenshot","not detected","not detected","not detected","2","Unnecessary asset","Do not migrate","Not required unless composition materially changes reality","QA/documentation screenshot, not a reusable content image"
"docs/batch-13/layout-screenshots/category-430x932.png","babdd4b6686eb074f70f55879e1055e2c8a5d8bbf44f7f26d89f24214addc910","QA/documentation","Screenshot","not detected","not detected","not detected","1","Unnecessary asset","Do not migrate","Not required unless composition materially changes reality","QA/documentation screenshot, not a reusable content image"
"docs/batch-13/layout-screenshots/category-768x1024.png","4b0d1aaec9a45115f119dff7bc13d324f92ba128f87db1048f74ad49af3b5551","QA/documentation","Screenshot","not detected","not detected","not detected","2","Unnecessary asset","Do not migrate","Not required unless composition materially changes reality","QA/documentation screenshot, not a reusable content image"
"docs/batch-13/layout-screenshots/condition-1024x768.png","7f830b8015b21a1e8e8bc46dae1b3383be7bf8277c4868b01d49c67855f2f3ac","QA/documentation","Screenshot","not detected","not detected","not detected","1","Unnecessary asset","Do not migrate","Not required unless composition materially changes reality","QA/documentation screenshot, not a reusable content image"
"docs/batch-13/layout-screenshots/condition-1440x900.png","164bf615de287ddfd57d4f335bbeda246d4a993aec07e16bea6ca5e53e2df5d4","QA/documentation","Screenshot","not detected","not detected","not detected","1","Unnecessary asset","Do not migrate","Not required unless composition materially changes reality","QA/documentation screenshot, not a reusable content image"
"docs/batch-13/layout-screenshots/condition-1920x1080.png","680329de69978d55ca5cedf38a0299687ac95ea206bc1382ee1b625cf1b1e6d4","QA/documentation","Screenshot","not detected","not detected","not detected","1","Unnecessary asset","Do not migrate","Not required unless composition materially changes reality","QA/documentation screenshot, not a reusable content image"
"docs/batch-13/layout-screenshots/condition-360x800.png","eb834f5182a204781da96300381a658bdeeb66ed1432c23edf285ddea53e7cdd","QA/documentation","Screenshot","not detected","not detected","not detected","1","Unnecessary asset","Do not migrate","Not required unless composition materially changes reality","QA/documentation screenshot, not a reusable content image"
"docs/batch-13/layout-screenshots/condition-390x844.png","563ae2691c22076f9c4b572187118ca4fa0045848e5ecc8ea5f5467df3b46c5c","QA/documentation","Screenshot","not detected","not detected","not detected","1","Unnecessary asset","Do not migrate","Not required unless composition materially changes reality","QA/documentation screenshot, not a reusable content image"
"docs/batch-13/layout-screenshots/condition-430x932.png","c95ba6c3514649f75bbd0608aedbf3fe8622f088a53419bfda9d76ba06830faa","QA/documentation","Screenshot","not detected","not detected","not detected","1","Unnecessary asset","Do not migrate","Not required unless composition materially changes reality","QA/documentation screenshot, not a reusable content image"
"docs/batch-13/layout-screenshots/condition-768x1024.png","ed40916eaa8f31c3b41ced33248e4e9e6c876ecdc1e134668cc542ef0fff9105","QA/documentation","Screenshot","not detected","not detected","not detected","1","Unnecessary asset","Do not migrate","Not required unless composition materially changes reality","QA/documentation screenshot, not a reusable content image"
"docs/batch-13/layout-screenshots/contact-1024x768.png","3a4b5c4ed30d33bbe8309c5e466f13f19ccf8af9c6a022224f08820d7d47d0b5","QA/documentation","Screenshot","not detected","not detected","not detected","1","Unnecessary asset","Do not migrate","Not required unless composition materially changes reality","QA/documentation screenshot, not a reusable content image"
"docs/batch-13/layout-screenshots/contact-1440x900.png","649f4bc211d210785424735cbe55faa64d5604ff35ba49699130f1c3c5e039c8","QA/documentation","Screenshot","not detected","not detected","not detected","2","Unnecessary asset","Do not migrate","Not required unless composition materially changes reality","QA/documentation screenshot, not a reusable content image"
"docs/batch-13/layout-screenshots/contact-1920x1080.png","519f71a617db442bf8ed20a31972df50c0defe3d5ac070e6401ece0a90b2380e","QA/documentation","Screenshot","not detected","not detected","not detected","1","Unnecessary asset","Do not migrate","Not required unless composition materially changes reality","QA/documentation screenshot, not a reusable content image"
"docs/batch-13/layout-screenshots/contact-360x800.png","46d156aa96672409699b914c343f67a5d3a590e0480ac018875e310c8208fb35","QA/documentation","Screenshot","not detected","not detected","not detected","1","Unnecessary asset","Do not migrate","Not required unless composition materially changes reality","QA/documentation screenshot, not a reusable content image"
"docs/batch-13/layout-screenshots/contact-390x844.png","545bc4f6109f8b89c2ab9f4365e7ef9efcbf9493f66b5253cfc03744b18d317d","QA/documentation","Screenshot","not detected","not detected","not detected","2","Unnecessary asset","Do not migrate","Not required unless composition materially changes reality","QA/documentation screenshot, not a reusable content image"
"docs/batch-13/layout-screenshots/contact-430x932.png","8bfb69518586ebbbd6ee843759685e0c340b2ebc61c8b2c0cb787ff1b68c8c04","QA/documentation","Screenshot","not detected","not detected","not detected","1","Unnecessary asset","Do not migrate","Not required unless composition materially changes reality","QA/documentation screenshot, not a reusable content image"
"docs/batch-13/layout-screenshots/contact-768x1024.png","c48a9fdb4c100b71abe47666ddb84ce98043baf3eeb599be03ffcb5b0648f455","QA/documentation","Screenshot","not detected","not detected","not detected","1","Unnecessary asset","Do not migrate","Not required unless composition materially changes reality","QA/documentation screenshot, not a reusable content image"
"docs/batch-13/layout-screenshots/home-1024x768.png","2063f16122f51d46549df596bbd847e448c9286f478d9e146caca3d20ba92463","QA/documentation","Screenshot","not detected","not detected","not detected","1","Unnecessary asset","Do not migrate","Not required unless composition materially changes reality","QA/documentation screenshot, not a reusable content image"
"docs/batch-13/layout-screenshots/home-1440x900.png","d04c41efa56a94725bd6d8d8f2886429c0466969c5c268d8028d665b6c00dc00","QA/documentation","Screenshot","not detected","not detected","not detected","4","Unnecessary asset","Do not migrate","Not required unless composition materially changes reality","QA/documentation screenshot, not a reusable content image"
"docs/batch-13/layout-screenshots/home-1920x1080.png","3a270da15a045b57b4074a42d66d6a62c965e96300803986299fad1a6243d1cc","QA/documentation","Screenshot","not detected","not detected","not detected","2","Unnecessary asset","Do not migrate","Not required unless composition materially changes reality","QA/documentation screenshot, not a reusable content image"
"docs/batch-13/layout-screenshots/home-360x800.png","89c9005a12ca757af4cf14cc056b5791079bc424bb028a22d0d5bb2f5ebb4c21","QA/documentation","Screenshot","not detected","not detected","not detected","4","Unnecessary asset","Do not migrate","Not required unless composition materially changes reality","QA/documentation screenshot, not a reusable content image"
"docs/batch-13/layout-screenshots/home-390x844.png","dfc3470164e0551a0346910983b569b95e140bbc81c876b87856532728de1c84","QA/documentation","Screenshot","not detected","not detected","not detected","2","Unnecessary asset","Do not migrate","Not required unless composition materially changes reality","QA/documentation screenshot, not a reusable content image"
"docs/batch-13/layout-screenshots/home-430x932.png","58aaa9ce41639be7a5f070eb25a5eb8231fc55b298fb82597ec4cd5250b3210e","QA/documentation","Screenshot","not detected","not detected","not detected","2","Unnecessary asset","Do not migrate","Not required unless composition materially changes reality","QA/documentation screenshot, not a reusable content image"
"docs/batch-13/layout-screenshots/home-768x1024.png","7bafb33227ad676be208254315e55bd5ae98e955fe49f27a7e6bbc1178e8c99a","QA/documentation","Screenshot","not detected","not detected","not detected","1","Unnecessary asset","Do not migrate","Not required unless composition materially changes reality","QA/documentation screenshot, not a reusable content image"
"docs/batch-13/layout-screenshots/local-1024x768.png","f0a1f9dd61b2e3effa6c8f712075bc9abef4dbf70b27a5ca6b0b7ae74c480d7b","QA/documentation","Screenshot","yes","not detected","not detected","1","Do not reuse","Do not migrate; use verified Korat evidence or generic service imagery","Not required unless composition materially changes reality","Location-sensitive Khon Kaen or local-page context can mislead on the Korat site"
"docs/batch-13/layout-screenshots/local-1440x900.png","239616987942685ffadc55ac73f1ee014786d57b1d6de17636f7b5b3795a900c","QA/documentation","Screenshot","yes","not detected","not detected","1","Do not reuse","Do not migrate; use verified Korat evidence or generic service imagery","Not required unless composition materially changes reality","Location-sensitive Khon Kaen or local-page context can mislead on the Korat site"
"docs/batch-13/layout-screenshots/local-1920x1080.png","ee0e69d9c5db6b95289556cbf328d9735a898997e38e6b6ffb4a886eed2de5db","QA/documentation","Screenshot","yes","not detected","not detected","1","Do not reuse","Do not migrate; use verified Korat evidence or generic service imagery","Not required unless composition materially changes reality","Location-sensitive Khon Kaen or local-page context can mislead on the Korat site"
"docs/batch-13/layout-screenshots/local-360x800.png","c551dd5376c96bbe5bea537c542fe8c41b9582a9419f69fc17d35677688b6ca1","QA/documentation","Screenshot","yes","not detected","not detected","1","Do not reuse","Do not migrate; use verified Korat evidence or generic service imagery","Not required unless composition materially changes reality","Location-sensitive Khon Kaen or local-page context can mislead on the Korat site"
"docs/batch-13/layout-screenshots/local-390x844.png","e422d43f0722545a9f21ee8e1a47813917b3d331574af61fc4f6a418bf501b8e","QA/documentation","Screenshot","yes","not detected","not detected","1","Do not reuse","Do not migrate; use verified Korat evidence or generic service imagery","Not required unless composition materially changes reality","Location-sensitive Khon Kaen or local-page context can mislead on the Korat site"
"docs/batch-13/layout-screenshots/local-430x932.png","2bb0e08591bb425c54c67610a33a16216e07b2c7b48618527aa1c0dd70cfa2a8","QA/documentation","Screenshot","yes","not detected","not detected","1","Do not reuse","Do not migrate; use verified Korat evidence or generic service imagery","Not required unless composition materially changes reality","Location-sensitive Khon Kaen or local-page context can mislead on the Korat site"
"docs/batch-13/layout-screenshots/local-768x1024.png","98f15f5c7d52645d99ff3a0f9eb961edbf3215b3efe44ecfcdd710b770173ed5","QA/documentation","Screenshot","yes","not detected","not detected","1","Do not reuse","Do not migrate; use verified Korat evidence or generic service imagery","Not required unless composition materially changes reality","Location-sensitive Khon Kaen or local-page context can mislead on the Korat site"
"docs/batch-13/layout-screenshots/model-1024x768.png","a22d7e99e20313d96afd4aab896886c42f792f721b1d7e477e72f63d70a7b405","QA/documentation","Screenshot","not detected","not detected","not detected","1","Unnecessary asset","Do not migrate","Not required unless composition materially changes reality","QA/documentation screenshot, not a reusable content image"
"docs/batch-13/layout-screenshots/model-1440x900.png","3d26e2bdc3f0ddb2306d9b91ddbf06e86e7058e3ec305cec205853238bfeede8","QA/documentation","Screenshot","not detected","not detected","not detected","1","Unnecessary asset","Do not migrate","Not required unless composition materially changes reality","QA/documentation screenshot, not a reusable content image"
"docs/batch-13/layout-screenshots/model-1920x1080.png","80af568f6288205c85f5a4720486190e8554bdb52474ad6c359fe9b7f77e0817","QA/documentation","Screenshot","not detected","not detected","not detected","1","Unnecessary asset","Do not migrate","Not required unless composition materially changes reality","QA/documentation screenshot, not a reusable content image"
"docs/batch-13/layout-screenshots/model-360x800.png","928ddfa0170d594dbbb9027f89d9f1c6573345905ed07c5b6f8883c092c52d2d","QA/documentation","Screenshot","not detected","not detected","not detected","1","Unnecessary asset","Do not migrate","Not required unless composition materially changes reality","QA/documentation screenshot, not a reusable content image"
"docs/batch-13/layout-screenshots/model-390x844.png","8436bacd86b9da9c8666af0c21e51ca953a330a1da1b0e8436e4605a53b416bb","QA/documentation","Screenshot","not detected","not detected","not detected","1","Unnecessary asset","Do not migrate","Not required unless composition materially changes reality","QA/documentation screenshot, not a reusable content image"
"docs/batch-13/layout-screenshots/model-430x932.png","272144b530de3d4e848f7f93bd611ffccc4be11964c74117bbe5abffa2973bab","QA/documentation","Screenshot","not detected","not detected","not detected","1","Unnecessary asset","Do not migrate","Not required unless composition materially changes reality","QA/documentation screenshot, not a reusable content image"
"docs/batch-13/layout-screenshots/model-768x1024.png","e7f688ad8d1b9d0e681e1e5c890f5903e798cd076d7c44edccf18132793863ed","QA/documentation","Screenshot","not detected","not detected","not detected","1","Unnecessary asset","Do not migrate","Not required unless composition materially changes reality","QA/documentation screenshot, not a reusable content image"
"docs/batch-13/layout-screenshots/privacy-1024x768.png","855bfcecc12489488fca77a6595b75700fc4882670d59d836213d797457220e1","QA/documentation","Screenshot","not detected","not detected","not detected","1","Unnecessary asset","Do not migrate","Not required unless composition materially changes reality","QA/documentation screenshot, not a reusable content image"
"docs/batch-13/layout-screenshots/privacy-1440x900.png","f199b612d81ee408927f6b2c66f2ea715f22e8436d040cc0aa058d7700a1545f","QA/documentation","Screenshot","not detected","not detected","not detected","1","Unnecessary asset","Do not migrate","Not required unless composition materially changes reality","QA/documentation screenshot, not a reusable content image"
"docs/batch-13/layout-screenshots/privacy-1920x1080.png","77fb59ff87002e79c73c45d3820b3dd9d2550af881e98c1a5b0366920da6aec7","QA/documentation","Screenshot","not detected","not detected","not detected","1","Unnecessary asset","Do not migrate","Not required unless composition materially changes reality","QA/documentation screenshot, not a reusable content image"
"docs/batch-13/layout-screenshots/privacy-360x800.png","8cf35bbce238bf4dcee38d4b57e46c1663fe24c2cbfc82087c9ef6916d44be57","QA/documentation","Screenshot","not detected","not detected","not detected","1","Unnecessary asset","Do not migrate","Not required unless composition materially changes reality","QA/documentation screenshot, not a reusable content image"
"docs/batch-13/layout-screenshots/privacy-390x844.png","58ea55979a926a0e641a06d893a42fe4886340b3f9cd90fbf11f616d75d9d420","QA/documentation","Screenshot","not detected","not detected","not detected","1","Unnecessary asset","Do not migrate","Not required unless composition materially changes reality","QA/documentation screenshot, not a reusable content image"
"docs/batch-13/layout-screenshots/privacy-430x932.png","da4ef7d52397834168ec795462d49f11fd2a43585d4dcf0a225cec68b73f1ffd","QA/documentation","Screenshot","not detected","not detected","not detected","1","Unnecessary asset","Do not migrate","Not required unless composition materially changes reality","QA/documentation screenshot, not a reusable content image"
"docs/batch-13/layout-screenshots/privacy-768x1024.png","dfd28915f4bcd35460e3d186c58e9b5bfd3ef706f626f9e5b6780affcca2ac7f","QA/documentation","Screenshot","not detected","not detected","not detected","1","Unnecessary asset","Do not migrate","Not required unless composition materially changes reality","QA/documentation screenshot, not a reusable content image"
"docs/batch-13/layout-screenshots/terms-1024x768.png","a8339ffa1c8a9665291cbf694caf318e90a81e1a3cb8714708979b0144152b4b","QA/documentation","Screenshot","not detected","not detected","not detected","1","Unnecessary asset","Do not migrate","Not required unless composition materially changes reality","QA/documentation screenshot, not a reusable content image"
"docs/batch-13/layout-screenshots/terms-1440x900.png","3da968c0dbd5c259c9bbfa91621a1dbc0f4b8c26e171bb89af19e47a50db3a23","QA/documentation","Screenshot","not detected","not detected","not detected","1","Unnecessary asset","Do not migrate","Not required unless composition materially changes reality","QA/documentation screenshot, not a reusable content image"
"docs/batch-13/layout-screenshots/terms-1920x1080.png","22805f3b00e5715b52b681d1502c4d34ae6da40f3121a3912c86b2ebde42cdec","QA/documentation","Screenshot","not detected","not detected","not detected","1","Unnecessary asset","Do not migrate","Not required unless composition materially changes reality","QA/documentation screenshot, not a reusable content image"
"docs/batch-13/layout-screenshots/terms-360x800.png","3c3732ecfc843284de8e701986bba589fb10de7e6bd4360e57caa93d83493cc3","QA/documentation","Screenshot","not detected","not detected","not detected","1","Unnecessary asset","Do not migrate","Not required unless composition materially changes reality","QA/documentation screenshot, not a reusable content image"
"docs/batch-13/layout-screenshots/terms-390x844.png","1d29e6965318504474de7634c10a5bbdffc7bced8635fa6781dceed4e29eebed","QA/documentation","Screenshot","not detected","not detected","not detected","1","Unnecessary asset","Do not migrate","Not required unless composition materially changes reality","QA/documentation screenshot, not a reusable content image"
"docs/batch-13/layout-screenshots/terms-430x932.png","cbd659223650e087aa00621eb90f584cf3ba957bad507e84853290b9577dd854","QA/documentation","Screenshot","not detected","not detected","not detected","1","Unnecessary asset","Do not migrate","Not required unless composition materially changes reality","QA/documentation screenshot, not a reusable content image"
"docs/batch-13/layout-screenshots/terms-768x1024.png","ef3f83117144b99fcc3ac16f9a36eda75391e03c96a118a59f1bb27626a05b62","QA/documentation","Screenshot","not detected","not detected","not detected","1","Unnecessary asset","Do not migrate","Not required unless composition materially changes reality","QA/documentation screenshot, not a reusable content image"
"docs/batch-14a/qa-screenshots/about-1440x900.png","57b8d4172fc8e1b4d91b2ada3c9d764f090c30adeb2545040a55fd0047330284","QA/documentation","Screenshot","not detected","not detected","not detected","2","Unnecessary asset","Do not migrate","Not required unless composition materially changes reality","QA/documentation screenshot, not a reusable content image"
"docs/batch-14a/qa-screenshots/about-390x844.png","c05975ce717e93ba9ccb229b0fca1c18a773aa84b265b73f82119ad84073c764","QA/documentation","Screenshot","not detected","not detected","not detected","2","Unnecessary asset","Do not migrate","Not required unless composition materially changes reality","QA/documentation screenshot, not a reusable content image"
"docs/batch-14a/qa-screenshots/contact-1440x900.png","649f4bc211d210785424735cbe55faa64d5604ff35ba49699130f1c3c5e039c8","QA/documentation","Screenshot","not detected","not detected","not detected","2","Unnecessary asset","Do not migrate","Not required unless composition materially changes reality","QA/documentation screenshot, not a reusable content image"
"docs/batch-14a/qa-screenshots/contact-390x844.png","545bc4f6109f8b89c2ab9f4365e7ef9efcbf9493f66b5253cfc03744b18d317d","QA/documentation","Screenshot","not detected","not detected","not detected","2","Unnecessary asset","Do not migrate","Not required unless composition materially changes reality","QA/documentation screenshot, not a reusable content image"
"docs/batch-14a/qa-screenshots/home-1440x900.png","d04c41efa56a94725bd6d8d8f2886429c0466969c5c268d8028d665b6c00dc00","QA/documentation","Screenshot","not detected","not detected","not detected","4","Unnecessary asset","Do not migrate","Not required unless composition materially changes reality","QA/documentation screenshot, not a reusable content image"
"docs/batch-14a/qa-screenshots/home-360x800.png","89c9005a12ca757af4cf14cc056b5791079bc424bb028a22d0d5bb2f5ebb4c21","QA/documentation","Screenshot","not detected","not detected","not detected","4","Unnecessary asset","Do not migrate","Not required unless composition materially changes reality","QA/documentation screenshot, not a reusable content image"
"docs/batch-14a/qa-screenshots/home-390x844.png","dfc3470164e0551a0346910983b569b95e140bbc81c876b87856532728de1c84","QA/documentation","Screenshot","not detected","not detected","not detected","2","Unnecessary asset","Do not migrate","Not required unless composition materially changes reality","QA/documentation screenshot, not a reusable content image"
"docs/batch-14a/qa-screenshots/home-430x932.png","58aaa9ce41639be7a5f070eb25a5eb8231fc55b298fb82597ec4cd5250b3210e","QA/documentation","Screenshot","not detected","not detected","not detected","2","Unnecessary asset","Do not migrate","Not required unless composition materially changes reality","QA/documentation screenshot, not a reusable content image"
"docs/batch-14a/qa-screenshots/trust-desktop-1440x900.png","3766c434f45d1e82953dfe87328ebbf529b9df545c294628631a0e04c02b1d9b","QA/documentation","Screenshot","not detected","not detected","not detected","1","Unnecessary asset","Do not migrate","Not required unless composition materially changes reality","QA/documentation screenshot, not a reusable content image"
"docs/batch-14a/qa-screenshots/trust-mobile-390x844.png","8a2958379f6216d18eedd30b76a9139ee3f4787b76ace330b7a6465730a262b1","QA/documentation","Screenshot","not detected","not detected","not detected","1","Unnecessary asset","Do not migrate","Not required unless composition materially changes reality","QA/documentation screenshot, not a reusable content image"
"docs/batch-14b/contact-sheets/ai-assets-contact-sheet.webp","c8110e8af83137b0f616c2226a8c1e79cfa071ec2a7f3ba6981fe75f7ba9948d","QA/documentation","AI","not detected","not detected","not detected","1","Safe with disclosure","Retain visible AI-illustration disclosure and use neutral alt text","Required: ภาพประกอบที่สร้างด้วย AI","Filename and source structure identify an AI illustration; no location claim detected by metadata/path review"
"docs/batch-14b/qa-screenshots/homepage-1440x900.png","924af085013cdee2f56a4ed4154d1d0c293f80c50d0c4fed638a37cea990fdc4","QA/documentation","Screenshot","not detected","not detected","not detected","1","Unnecessary asset","Do not migrate","Not required unless composition materially changes reality","QA/documentation screenshot, not a reusable content image"
"docs/batch-14b/qa-screenshots/homepage-360x800.png","79dbb79995a73227c912a37280c535f1d6ac0d4c414118b33ff7cb9454925944","QA/documentation","Screenshot","not detected","not detected","not detected","1","Unnecessary asset","Do not migrate","Not required unless composition materially changes reality","QA/documentation screenshot, not a reusable content image"
"docs/batch-14b/qa-screenshots/homepage-390x844.png","b584f80e8798bc4d401e40afd21b7e109c56e1fa22f22016fee16b0fd10911be","QA/documentation","Screenshot","not detected","not detected","not detected","1","Unnecessary asset","Do not migrate","Not required unless composition materially changes reality","QA/documentation screenshot, not a reusable content image"
"docs/batch-14b/qa-screenshots/homepage-430x932.png","847fcb1d0a0c6fc1eb5c56b898d4db865e37603f8418187ae1f3e8eab164c8aa","QA/documentation","Screenshot","not detected","not detected","not detected","1","Unnecessary asset","Do not migrate","Not required unless composition materially changes reality","QA/documentation screenshot, not a reusable content image"
"docs/batch-14b/qa-screenshots/process-desktop-1440x900.png","b3c887c5945b2dcb0c14c221fe6c23e46088c2a32e9458bdbc16a65dfee5fc52","QA/documentation","Screenshot","not detected","not detected","not detected","1","Unnecessary asset","Do not migrate","Not required unless composition materially changes reality","QA/documentation screenshot, not a reusable content image"
"docs/batch-14b/qa-screenshots/process-mobile-390x844.png","31f2516dbb12eff297a141e2bcd272855c55c5e20615dd9e7d7cdfcbc163be92","QA/documentation","Screenshot","not detected","not detected","not detected","1","Unnecessary asset","Do not migrate","Not required unless composition materially changes reality","QA/documentation screenshot, not a reusable content image"
"docs/batch-14b/qa-screenshots/trust-desktop-1440x900.png","c25a57103a5022326976e5fa7639cdd46673ddce7f4a6d78666f51e731e64354","QA/documentation","Screenshot","not detected","not detected","not detected","1","Unnecessary asset","Do not migrate","Not required unless composition materially changes reality","QA/documentation screenshot, not a reusable content image"
"docs/batch-14b/qa-screenshots/trust-mobile-390x844.png","595feada5e8f83f71002ede2428b4db13dfae353ce8b6d399b0217bd0486bd24","QA/documentation","Screenshot","not detected","not detected","not detected","1","Unnecessary asset","Do not migrate","Not required unless composition materially changes reality","QA/documentation screenshot, not a reusable content image"
"docs/batch-14d/screenshots/category-notebook-390x844.png","1dfe22b9779567cc2a50d5f4f5b57a5708263e8e8a656c6b40e5ddaaae4e445f","QA/documentation","Screenshot","not detected","not detected","not detected","1","Unnecessary asset","Do not migrate","Not required unless composition materially changes reality","QA/documentation screenshot, not a reusable content image"
"docs/batch-14d/screenshots/category-notebook-fixed-1440x900.png","cacca0fef18d0f0b04f725aabef7446785895565ee6b2c56fc036faa8e6a559c","QA/documentation","Screenshot","not detected","not detected","not detected","1","Unnecessary asset","Do not migrate","Not required unless composition materially changes reality","QA/documentation screenshot, not a reusable content image"
"docs/batch-14d/screenshots/homepage-390x844.png","673595e638d5290f0b26dd9ce21897b28cc8534627a0556725fc8b79556f0604","QA/documentation","Screenshot","not detected","not detected","not detected","1","Unnecessary asset","Do not migrate","Not required unless composition materially changes reality","QA/documentation screenshot, not a reusable content image"
"docs/batch-15a/screenshots/about-desktop.webp","7bdd3c7da121d77cef367918219a7cfda9378b435c9019ce0c0c45c917e321c9","QA/documentation","Screenshot","not detected","not detected","not detected","1","Unnecessary asset","Do not migrate","Not required unless composition materially changes reality","QA/documentation screenshot, not a reusable content image"
"docs/batch-15a/screenshots/about-mobile.webp","d98d6e730401451b3ecee1cfb84207a46f5c52ce19b558d8df230de43d83eaaa","QA/documentation","Screenshot","not detected","not detected","not detected","1","Unnecessary asset","Do not migrate","Not required unless composition materially changes reality","QA/documentation screenshot, not a reusable content image"
"docs/batch-15a/screenshots/contact-desktop.webp","35c3008862be6d2dc5886a66c81d6c55301903de10c7321c4128d06f6aa0af38","QA/documentation","Screenshot","not detected","not detected","not detected","1","Unnecessary asset","Do not migrate","Not required unless composition materially changes reality","QA/documentation screenshot, not a reusable content image"
"docs/batch-15a/screenshots/contact-mobile.webp","1ad0193363c5feeaf4a548b4ee71b3c561224243425084329157b11bcb6565b8","QA/documentation","Screenshot","not detected","not detected","not detected","1","Unnecessary asset","Do not migrate","Not required unless composition materially changes reality","QA/documentation screenshot, not a reusable content image"
"docs/batch-15a/screenshots/homepage-desktop.webp","95313072083eed1a24950e476bdcff860ccea09a04b2d78902a2d9c3649d484a","QA/documentation","Screenshot","not detected","not detected","not detected","1","Unnecessary asset","Do not migrate","Not required unless composition materially changes reality","QA/documentation screenshot, not a reusable content image"
"docs/batch-15a/screenshots/homepage-mobile.webp","06fc421194cec5451457c5d0428b675c020d0dd49985e90d94f755cd48882b40","QA/documentation","Screenshot","not detected","not detected","not detected","1","Unnecessary asset","Do not migrate","Not required unless composition materially changes reality","QA/documentation screenshot, not a reusable content image"
"private-assets/image-intake/pending/ChatGPT Image 18 ก.ค. 2569 18_42_32.png","bb910de7cb5883feef4a36444d7fccbe731b79bcd057185391ecee97f9b8854a","AI illustration","AI","not detected","yes/manual","yes/manual","1","Requires privacy cleanup","Manual pixel-level privacy and rights review; redact all identifiers before any reuse","Required: ภาพประกอบที่สร้างด้วย AI","Unreviewed/private intake may expose people, serials, screens, documents, QR or customer context"
"private-assets/image-intake/pending/ChatGPT Image 18 ก.ค. 2569 18_47_21.png","e58e3d022c9a7c55f446261f242eef31e595f1d1666e35cb46283e60e3f0eebd","AI illustration","AI","not detected","yes/manual","yes/manual","1","Requires privacy cleanup","Manual pixel-level privacy and rights review; redact all identifiers before any reuse","Required: ภาพประกอบที่สร้างด้วย AI","Unreviewed/private intake may expose people, serials, screens, documents, QR or customer context"
"private-assets/image-intake/pending/ChatGPT Image 18 ก.ค. 2569 18_49_31.png","1bff4b57649a3b29eda89ed27a10e91f458bf1c0a2090bf402b01b97b54df9cd","AI illustration","AI","not detected","yes/manual","yes/manual","1","Requires privacy cleanup","Manual pixel-level privacy and rights review; redact all identifiers before any reuse","Required: ภาพประกอบที่สร้างด้วย AI","Unreviewed/private intake may expose people, serials, screens, documents, QR or customer context"
"private-assets/image-intake/pending/ChatGPT Image 18 ก.ค. 2569 18_52_38.png","a106092c6d02244e46f627b8d820edc6436e4e0fc2eada54591b8a9ffd551bb9","AI illustration","AI","not detected","yes/manual","yes/manual","1","Requires privacy cleanup","Manual pixel-level privacy and rights review; redact all identifiers before any reuse","Required: ภาพประกอบที่สร้างด้วย AI","Unreviewed/private intake may expose people, serials, screens, documents, QR or customer context"
"private-assets/image-intake/pending/ChatGPT Image 18 ก.ค. 2569 18_56_45.png","801b190b854e02fccbbcd27d5bb73a0f191e9193e1067e5e1d670f7cb04936e1","AI illustration","AI","not detected","yes/manual","yes/manual","1","Requires privacy cleanup","Manual pixel-level privacy and rights review; redact all identifiers before any reuse","Required: ภาพประกอบที่สร้างด้วย AI","Unreviewed/private intake may expose people, serials, screens, documents, QR or customer context"
"private-assets/image-intake/pending/ChatGPT Image 18 ก.ค. 2569 18_57_59.png","121fe0a41459d6f68178da824da9148edac4cdc377bfcccb1c5bd1da94c8869f","AI illustration","AI","not detected","yes/manual","yes/manual","1","Requires privacy cleanup","Manual pixel-level privacy and rights review; redact all identifiers before any reuse","Required: ภาพประกอบที่สร้างด้วย AI","Unreviewed/private intake may expose people, serials, screens, documents, QR or customer context"
"private-assets/image-intake/pending/ChatGPT Image 18 ก.ค. 2569 19_23_39.png","97aabcc3aa3636810e386cc36ecba05590ae992d1dc888bd4710b10feed0de1c","AI illustration","AI","not detected","yes/manual","yes/manual","1","Requires privacy cleanup","Manual pixel-level privacy and rights review; redact all identifiers before any reuse","Required: ภาพประกอบที่สร้างด้วย AI","Unreviewed/private intake may expose people, serials, screens, documents, QR or customer context"
"private-assets/image-intake/pending/ChatGPT Image 18 ก.ค. 2569 19_23_45.png","d917fdab651ac2149b16632f9dbff3f20313556c55cccfe120cdce1cb135f9f5","AI illustration","AI","not detected","yes/manual","yes/manual","1","Requires privacy cleanup","Manual pixel-level privacy and rights review; redact all identifiers before any reuse","Required: ภาพประกอบที่สร้างด้วย AI","Unreviewed/private intake may expose people, serials, screens, documents, QR or customer context"
"private-assets/image-intake/pending/ChatGPT Image 18 ก.ค. 2569 19_28_44.png","2c2d4a8611a0fcc736c9f0fe054d76e6309bc7767fd180398c725c4f6a02ba81","AI illustration","AI","not detected","yes/manual","yes/manual","1","Requires privacy cleanup","Manual pixel-level privacy and rights review; redact all identifiers before any reuse","Required: ภาพประกอบที่สร้างด้วย AI","Unreviewed/private intake may expose people, serials, screens, documents, QR or customer context"
"private-assets/image-intake/pending/ChatGPT Image 18 ก.ค. 2569 19_30_33.png","e6d7befe92954757f1db49d5cc03897b5d2e95199b1cd240aa773da3dd0f9961","AI illustration","AI","not detected","yes/manual","yes/manual","1","Requires privacy cleanup","Manual pixel-level privacy and rights review; redact all identifiers before any reuse","Required: ภาพประกอบที่สร้างด้วย AI","Unreviewed/private intake may expose people, serials, screens, documents, QR or customer context"
"private-assets/image-intake/pending/ChatGPT Image 18 ก.ค. 2569 19_32_29.png","f07f9b48d66de73b91357363a683c2a8dd7313a897684a4e4c7cd59d44b0ffd1","AI illustration","AI","not detected","yes/manual","yes/manual","1","Requires privacy cleanup","Manual pixel-level privacy and rights review; redact all identifiers before any reuse","Required: ภาพประกอบที่สร้างด้วย AI","Unreviewed/private intake may expose people, serials, screens, documents, QR or customer context"
"private-assets/image-intake/pending/ChatGPT Image 18 ก.ค. 2569 19_34_46.png","116c0920f51599a9baaef027113c941583f8d9dd5acf7fd57000b04224d34e83","AI illustration","AI","not detected","yes/manual","yes/manual","1","Requires privacy cleanup","Manual pixel-level privacy and rights review; redact all identifiers before any reuse","Required: ภาพประกอบที่สร้างด้วย AI","Unreviewed/private intake may expose people, serials, screens, documents, QR or customer context"
"private-assets/image-intake/pending/ChatGPT Image 18 ก.ค. 2569 19_36_24.png","cd83ad2f3cf10564a63090a45fb58b9d8d6cb7d2685312bc7291a3b75e707057","AI illustration","AI","not detected","yes/manual","yes/manual","1","Requires privacy cleanup","Manual pixel-level privacy and rights review; redact all identifiers before any reuse","Required: ภาพประกอบที่สร้างด้วย AI","Unreviewed/private intake may expose people, serials, screens, documents, QR or customer context"
"private-assets/image-intake/pending/products/S__25854072_0.jpg","1d464e826adec88d6ae2be6ba8fff5ec0e46ccd02a0c472b9f893265b5a9889d","Private intake","Real/unknown","not detected","yes/manual","yes/manual","1","Requires privacy cleanup","Manual pixel-level privacy and rights review; redact all identifiers before any reuse","Not required unless composition materially changes reality","Unreviewed/private intake may expose people, serials, screens, documents, QR or customer context"
"private-assets/image-intake/pending/products/S__25854073_0.jpg","7265ff39dc6b7f0f3683d7a8c096d466f1f7d20c8203648df549cd257aa8ab93","Private intake","Real/unknown","not detected","yes/manual","yes/manual","1","Requires privacy cleanup","Manual pixel-level privacy and rights review; redact all identifiers before any reuse","Not required unless composition materially changes reality","Unreviewed/private intake may expose people, serials, screens, documents, QR or customer context"
"private-assets/image-intake/pending/products/S__25854074_0.jpg","811a4617708b9892adfba2d790a27e2ea44b2d002810c29a3472c5cfb725bf7c","Private intake","Real/unknown","not detected","yes/manual","yes/manual","1","Requires privacy cleanup","Manual pixel-level privacy and rights review; redact all identifiers before any reuse","Not required unless composition materially changes reality","Unreviewed/private intake may expose people, serials, screens, documents, QR or customer context"
"private-assets/image-intake/pending/products/S__25854075_0.jpg","65a95949e3c3d6ca976d720bc4e6c78046ab7de477d8e80ed01f3e47b9329c52","Private intake","Real/unknown","not detected","yes/manual","yes/manual","1","Requires privacy cleanup","Manual pixel-level privacy and rights review; redact all identifiers before any reuse","Not required unless composition materially changes reality","Unreviewed/private intake may expose people, serials, screens, documents, QR or customer context"
"private-assets/image-intake/pending/products/S__25854076_0.jpg","b0c47df175d32fb07477be3c66d8f08a6c665af5f210744a4d1795026470310f","Private intake","Real/unknown","not detected","yes/manual","yes/manual","1","Requires privacy cleanup","Manual pixel-level privacy and rights review; redact all identifiers before any reuse","Not required unless composition materially changes reality","Unreviewed/private intake may expose people, serials, screens, documents, QR or customer context"
"private-assets/image-intake/pending/products/S__25854077_0.jpg","3c761142da9ebe3f3bebbe478d299d90bb62e0d2257dac6244e902cbb2cef347","Private intake","Real/unknown","not detected","yes/manual","yes/manual","1","Requires privacy cleanup","Manual pixel-level privacy and rights review; redact all identifiers before any reuse","Not required unless composition materially changes reality","Unreviewed/private intake may expose people, serials, screens, documents, QR or customer context"
"private-assets/image-intake/pending/products/S__25854078_0.jpg","241d3ca47d8c04458c900728d1f682335020d7199bf1a316bf16836fbd13e0f7","Private intake","Real/unknown","not detected","yes/manual","yes/manual","1","Requires privacy cleanup","Manual pixel-level privacy and rights review; redact all identifiers before any reuse","Not required unless composition materially changes reality","Unreviewed/private intake may expose people, serials, screens, documents, QR or customer context"
"private-assets/image-intake/pending/products/S__25854079_0.jpg","6b9ec42417b2988f54c31ae02bf677509429cd52e0f02552028d0099791642a3","Private intake","Real/unknown","not detected","yes/manual","yes/manual","1","Requires privacy cleanup","Manual pixel-level privacy and rights review; redact all identifiers before any reuse","Not required unless composition materially changes reality","Unreviewed/private intake may expose people, serials, screens, documents, QR or customer context"
"private-assets/image-intake/pending/products/S__25854080_0.jpg","7779b9250d2e6319a398c78d57ad3d8f8bd894ee05d8fd94d412516d71e540aa","Private intake","Real/unknown","not detected","yes/manual","yes/manual","1","Requires privacy cleanup","Manual pixel-level privacy and rights review; redact all identifiers before any reuse","Not required unless composition materially changes reality","Unreviewed/private intake may expose people, serials, screens, documents, QR or customer context"
"private-assets/image-intake/pending/products/S__25854081_0.jpg","3aa207e699a3c8f40ddacfaa6c46d95d03b495c3055af4d6d0c585e948907a16","Private intake","Real/unknown","not detected","yes/manual","yes/manual","1","Requires privacy cleanup","Manual pixel-level privacy and rights review; redact all identifiers before any reuse","Not required unless composition materially changes reality","Unreviewed/private intake may expose people, serials, screens, documents, QR or customer context"
"private-assets/image-intake/pending/products/S__25854083_0.jpg","5d7744daa0ea8c556b8a74c8274438787b79d4c483fa7a432e410fda87d6b52b","Private intake","Real/unknown","not detected","yes/manual","yes/manual","1","Requires privacy cleanup","Manual pixel-level privacy and rights review; redact all identifiers before any reuse","Not required unless composition materially changes reality","Unreviewed/private intake may expose people, serials, screens, documents, QR or customer context"
"private-assets/image-intake/pending/products/S__25854084_0.jpg","792bbdb3be453906ed647599d87e4c77322efa4251e5ae0c8a2528c7ebb2d37d","Private intake","Real/unknown","not detected","yes/manual","yes/manual","1","Requires privacy cleanup","Manual pixel-level privacy and rights review; redact all identifiers before any reuse","Not required unless composition materially changes reality","Unreviewed/private intake may expose people, serials, screens, documents, QR or customer context"
"private-assets/image-intake/pending/products/S__25854085_0.jpg","b1ea9d5c22189d3eabd5f6c16af216511195edf38526003316ae0e78daded00f","Private intake","Real/unknown","not detected","yes/manual","yes/manual","1","Requires privacy cleanup","Manual pixel-level privacy and rights review; redact all identifiers before any reuse","Not required unless composition materially changes reality","Unreviewed/private intake may expose people, serials, screens, documents, QR or customer context"
"private-assets/image-intake/pending/products/S__25854086_0.jpg","034ee63d8ddb464c8d03300b1d7a16e66bc1ae31b2ec345e0796efb7fce94574","Private intake","Real/unknown","not detected","yes/manual","yes/manual","1","Requires privacy cleanup","Manual pixel-level privacy and rights review; redact all identifiers before any reuse","Not required unless composition materially changes reality","Unreviewed/private intake may expose people, serials, screens, documents, QR or customer context"
"private-assets/image-intake/pending/products/S__25854087_0.jpg","748ebc208d0f289fecaee83e2c5c126d45d9facf9a58a3650b3da523ec1eb15e","Private intake","Real/unknown","not detected","yes/manual","yes/manual","1","Requires privacy cleanup","Manual pixel-level privacy and rights review; redact all identifiers before any reuse","Not required unless composition materially changes reality","Unreviewed/private intake may expose people, serials, screens, documents, QR or customer context"
"private-assets/image-intake/pending/products/S__25854088_0.jpg","e5cd331a81524b1f301346b1aa9d18fb2448d5e663c56ea6be13d1e63f144ba6","Private intake","Real/unknown","not detected","yes/manual","yes/manual","1","Requires privacy cleanup","Manual pixel-level privacy and rights review; redact all identifiers before any reuse","Not required unless composition materially changes reality","Unreviewed/private intake may expose people, serials, screens, documents, QR or customer context"
"private-assets/image-intake/pending/products/S__25854089_0.jpg","5972e0cc06fca4bb6df3b9b59982e8b97a279060a5fefe42ebd8d657b5bfab0b","Private intake","Real/unknown","not detected","yes/manual","yes/manual","1","Requires privacy cleanup","Manual pixel-level privacy and rights review; redact all identifiers before any reuse","Not required unless composition materially changes reality","Unreviewed/private intake may expose people, serials, screens, documents, QR or customer context"
"private-assets/image-intake/pending/products/S__25854090_0.jpg","f2130a232f2132d1a5c7e7605150553f4b33fc1b68f4a137bdf2fc5fbcb6d837","Private intake","Real/unknown","not detected","yes/manual","yes/manual","1","Requires privacy cleanup","Manual pixel-level privacy and rights review; redact all identifiers before any reuse","Not required unless composition materially changes reality","Unreviewed/private intake may expose people, serials, screens, documents, QR or customer context"
"private-assets/image-intake/pending/products/S__25854091_0.jpg","f83eb6e284a766318de206a9fb64b60ed3206516ac527ad3ae731de546790ed7","Private intake","Real/unknown","not detected","yes/manual","yes/manual","1","Requires privacy cleanup","Manual pixel-level privacy and rights review; redact all identifiers before any reuse","Not required unless composition materially changes reality","Unreviewed/private intake may expose people, serials, screens, documents, QR or customer context"
"private-assets/image-intake/pending/products/S__25854092_0.jpg","85218ca6f447d1b79dff11073c9b6dc60b8b7b361e7444f1d9785009e30485ac","Private intake","Real/unknown","not detected","yes/manual","yes/manual","1","Requires privacy cleanup","Manual pixel-level privacy and rights review; redact all identifiers before any reuse","Not required unless composition materially changes reality","Unreviewed/private intake may expose people, serials, screens, documents, QR or customer context"
"private-assets/image-intake/pending/products/S__25854094_0.jpg","a34c78a7aa1de00471631450ffb29f363ce402b262473f441e5c462d6c5559e4","Private intake","Real/unknown","not detected","yes/manual","yes/manual","1","Requires privacy cleanup","Manual pixel-level privacy and rights review; redact all identifiers before any reuse","Not required unless composition materially changes reality","Unreviewed/private intake may expose people, serials, screens, documents, QR or customer context"
"private-assets/image-intake/pending/products/S__25854095_0.jpg","8067520ea327ca05afa0671c8d7adc42c5705bb5b1fd46e097bb8cd769b82eb8","Private intake","Real/unknown","not detected","yes/manual","yes/manual","1","Requires privacy cleanup","Manual pixel-level privacy and rights review; redact all identifiers before any reuse","Not required unless composition materially changes reality","Unreviewed/private intake may expose people, serials, screens, documents, QR or customer context"
"private-assets/image-intake/pending/products/S__25854096_0.jpg","02921894fe2f6f1e68907e7c144a9970e1423edf6ef05a3aa5e28f0b0354ac33","Private intake","Real/unknown","not detected","yes/manual","yes/manual","1","Requires privacy cleanup","Manual pixel-level privacy and rights review; redact all identifiers before any reuse","Not required unless composition materially changes reality","Unreviewed/private intake may expose people, serials, screens, documents, QR or customer context"
"public/favicon.svg","d8492430439d92a52a525d0ecac66d08fc68b4594dd7d60d793335f292c47ab8","Site asset","Real/unknown","not detected","not detected","not detected","1","Requires rights confirmation","Confirm rights and inspect visible text/context before migration","Not required unless composition materially changes reality","Asset provenance/rights are not recorded in the target repository"
"public/images/og/default-og.png","6a47a652f2f2eaac9cb2c8094ef5b1fcbaeb9191e87da36269bf9253a937cc5c","Site asset","Real/unknown","not detected","not detected","not detected","1","Requires rights confirmation","Confirm ownership/license; inspect for logos, screens, serials and customer data","Not required unless composition materially changes reality","Relevant product/service asset but copyright provenance is not evidenced in this target audit"
"public/images/og/default-og.svg","f144f424bd3ec6a43493d5f7ee5e0bea6b48e6269b86f66939137f367372173b","Site asset","Real/unknown","not detected","not detected","not detected","1","Requires rights confirmation","Confirm ownership/license; inspect for logos, screens, serials and customer data","Not required unless composition materially changes reality","Relevant product/service asset but copyright provenance is not evidenced in this target audit"
"public/images/trust-inspection.png","bfb9ec1ab110e700d02077a247fa5cd34a3792c284acdb3b4e00999c92baa444","Trust","Real/unknown","not detected","not detected","not detected","1","Requires rights confirmation","Confirm ownership/license; inspect for logos, screens, serials and customer data","Not required unless composition materially changes reality","Relevant product/service asset but copyright provenance is not evidenced in this target audit"
"public/images/trust-inventory.png","4fddc111a11eb685188079cf2e3bacee6c035a46f1e735e7e99e537556323d46","Trust","Real/unknown","not detected","not detected","not detected","1","Requires rights confirmation","Confirm ownership/license; inspect for logos, screens, serials and customer data","Not required unless composition materially changes reality","Relevant product/service asset but copyright provenance is not evidenced in this target audit"
"src/assets/images/illustrations/ai/packing/notebook-safe-packing-ai.webp","d08e0f2d5ca1f4eb3080c2c5da3deea879bca6a66a41bdaaf02332036f2604a0","AI illustration","AI","not detected","not detected","not detected","1","Safe with disclosure","Retain visible AI-illustration disclosure and use neutral alt text","Required: ภาพประกอบที่สร้างด้วย AI","Filename and source structure identify an AI illustration; no location claim detected by metadata/path review"
"src/assets/images/illustrations/ai/people/owner-notebook-inspection-ai.webp","7b3664e19449efb4dd7856d493bb3302152f9fa7a145911f283ac710a3b00d9e","AI illustration","AI","not detected","yes/manual","yes/manual","1","Safe with disclosure","Retain visible AI-illustration disclosure and use neutral alt text","Required: ภาพประกอบที่สร้างด้วย AI","Filename and source structure identify an AI illustration; no location claim detected by metadata/path review"
"src/assets/images/illustrations/ai/people/owner-profile-workspace-ai.webp","729400bb35b32deab4d87e6e6c9964b25082fa842fd094204558205fb4559f5c","AI illustration","AI","not detected","yes/manual","yes/manual","1","Safe with disclosure","Retain visible AI-illustration disclosure and use neutral alt text","Required: ภาพประกอบที่สร้างด้วย AI","Filename and source structure identify an AI illustration; no location claim detected by metadata/path review"
"src/assets/images/illustrations/ai/people/owner-team-device-check-ai.webp","4450f40bc63aaafccd39cb5f784a4fb1e8c9bded508308b604c8373d1105ec67","AI illustration","AI","not detected","yes/manual","yes/manual","1","Safe with disclosure","Retain visible AI-illustration disclosure and use neutral alt text","Required: ภาพประกอบที่สร้างด้วย AI","Filename and source structure identify an AI illustration; no location claim detected by metadata/path review"
"src/assets/images/illustrations/ai/process/notebook-exterior-check-ai.webp","d666b4a4670291a34d03c789475bdcc4703ccca8230b42649e13a7e55c17e81d","AI illustration","AI","not detected","not detected","not detected","1","Safe with disclosure","Retain visible AI-illustration disclosure and use neutral alt text","Required: ภาพประกอบที่สร้างด้วย AI","Filename and source structure identify an AI illustration; no location claim detected by metadata/path review"
"src/assets/images/illustrations/ai/workspace/inspection-workspace-concept-ai.webp","6bf12dbeaf35949ab4714f1a875420699e709d09127bb04d18ec1658582b0838","AI illustration","AI","not detected","not detected","not detected","1","Safe with disclosure","Retain visible AI-illustration disclosure and use neutral alt text","Required: ภาพประกอบที่สร้างด้วย AI","Filename and source structure identify an AI illustration; no location claim detected by metadata/path review"
"src/assets/images/illustrations/ai/workspace/packing-storage-workspace-concept-ai.webp","acb3ae04bb2a8b3434b48b2ae1644fa7e09a180e56491ab61c60548c40b5427c","AI illustration","AI","not detected","not detected","not detected","1","Safe with disclosure","Retain visible AI-illustration disclosure and use neutral alt text","Required: ภาพประกอบที่สร้างด้วย AI","Filename and source structure identify an AI illustration; no location claim detected by metadata/path review"
"src/assets/images/products/cameras/camera-collection.webp","4ce1c53b073315f9c9d0004f986cdf8e2047b85095dc592fc92d18fbbb34f877","Product","Real/unknown","not detected","not detected","not detected","1","Requires rights confirmation","Confirm ownership/license; inspect for logos, screens, serials and customer data","Not required unless composition materially changes reality","Relevant product/service asset but copyright provenance is not evidenced in this target audit"
"src/assets/images/products/cameras/canon-camera.webp","0622ff0268cd3ea63e4f935a15b20684e5a2ba20f6d8f4857462b023983932ef","Product","Real/unknown","not detected","not detected","not detected","1","Requires rights confirmation","Confirm ownership/license; inspect for logos, screens, serials and customer data","Not required unless composition materially changes reality","Relevant product/service asset but copyright provenance is not evidenced in this target audit"
"src/assets/images/products/cameras/fujifilm-camera.webp","7f5a28c2bd0e5e0c149e07c4a519400f9f790e91aff97dab726711961e520064","Product","Real/unknown","not detected","not detected","not detected","1","Requires rights confirmation","Confirm ownership/license; inspect for logos, screens, serials and customer data","Not required unless composition materially changes reality","Relevant product/service asset but copyright provenance is not evidenced in this target audit"
"src/assets/images/products/cameras/insta360-camera.webp","51a38160518110802164198e2b9dfd08dbc566e2a71bd2d4a723493e2bb1f942","Product","Real/unknown","not detected","not detected","not detected","1","Requires rights confirmation","Confirm ownership/license; inspect for logos, screens, serials and customer data","Not required unless composition materially changes reality","Relevant product/service asset but copyright provenance is not evidenced in this target audit"
"src/assets/images/products/cameras/sony-camera.webp","7606cc6acb233c180b88a7e2d9d13ea631a6b01b1c30af2ea374bd059662a82f","Product","Real/unknown","not detected","not detected","not detected","1","Requires rights confirmation","Confirm ownership/license; inspect for logos, screens, serials and customer data","Not required unless composition materially changes reality","Relevant product/service asset but copyright provenance is not evidenced in this target audit"
"src/assets/images/products/computers/black-gaming-pc-redacted.webp","448d43b19744cecdb7a07d441735a421dcac39305d65fbacc6f48df3445922cc","Product","Real/unknown","not detected","not detected","not detected","1","Requires rights confirmation","Confirm ownership/license; inspect for logos, screens, serials and customer data","Not required unless composition materially changes reality","Relevant product/service asset but copyright provenance is not evidenced in this target audit"
"src/assets/images/products/computers/pink-gaming-pc.webp","d387584da306eb135e5f06cdf1ff675221dcdd70cee6162273740b44362a402d","Product","Real/unknown","not detected","not detected","not detected","1","Requires rights confirmation","Confirm ownership/license; inspect for logos, screens, serials and customer data","Not required unless composition materially changes reality","Relevant product/service asset but copyright provenance is not evidenced in this target audit"
"src/assets/images/products/computers/white-gaming-pc.webp","8a7971bb56ad150f750af8e7a94c2c541b1c53e289995cd208955f3ca646e5bd","Product","Real/unknown","not detected","not detected","not detected","1","Requires rights confirmation","Confirm ownership/license; inspect for logos, screens, serials and customer data","Not required unless composition materially changes reality","Relevant product/service asset but copyright provenance is not evidenced in this target audit"
"src/assets/images/products/consoles/handheld-console.webp","51d4925453ded8705c05a5c878e65cd8b37171a8e632ba19c1fa48994e3edcb1","Product","Real/unknown","not detected","not detected","not detected","1","Requires rights confirmation","Confirm ownership/license; inspect for logos, screens, serials and customer data","Not required unless composition materially changes reality","Relevant product/service asset but copyright provenance is not evidenced in this target audit"
"src/assets/images/products/monitors/msi-monitor.webp","1923f16ec8b0610e8aa5ea0d72504cea2a8a7134169eb37f281f6dbd27adaec1","Product","Real/unknown","not detected","not detected","not detected","1","Requires rights confirmation","Confirm ownership/license; inspect for logos, screens, serials and customer data","Not required unless composition materially changes reality","Relevant product/service asset but copyright provenance is not evidenced in this target audit"
"src/assets/images/products/notebooks/asus-tuf.webp","d3ddee32ac066bdb08cb60fc40550855ef3cc69a72461ea7b0b0816e0224dd19","Product","Real/unknown","not detected","not detected","not detected","1","Requires rights confirmation","Confirm ownership/license; inspect for logos, screens, serials and customer data","Not required unless composition materially changes reality","Relevant product/service asset but copyright provenance is not evidenced in this target audit"
"src/assets/images/products/notebooks/asus-vivobook.webp","e6171935ab1c732a7a4924d020a3b614e9500e6920f4e2720705380704e4f4f1","Product","Real/unknown","not detected","not detected","not detected","1","Requires rights confirmation","Confirm ownership/license; inspect for logos, screens, serials and customer data","Not required unless composition materially changes reality","Relevant product/service asset but copyright provenance is not evidenced in this target audit"
"src/assets/images/products/notebooks/macbook-air.webp","2d57ffb2130ca296c1644c2d8031c92578308d44700b05abafc38b5b3e84cbec","Product","Real/unknown","not detected","not detected","not detected","1","Requires rights confirmation","Confirm ownership/license; inspect for logos, screens, serials and customer data","Not required unless composition materially changes reality","Relevant product/service asset but copyright provenance is not evidenced in this target audit"
"src/assets/images/products/notebooks/macbook.webp","e532d7a42aa026a402c74652e924fe62c929e2b67c478130e50663bef5850970","Product","Real/unknown","not detected","not detected","not detected","1","Requires rights confirmation","Confirm ownership/license; inspect for logos, screens, serials and customer data","Not required unless composition materially changes reality","Relevant product/service asset but copyright provenance is not evidenced in this target audit"
"src/assets/images/products/phones/iphone.webp","0ce268eef1382cc1ec542a42fa3de7a0e04429f583c8297b7b5044ae328d26d5","Product","Real/unknown","not detected","not detected","not detected","1","Requires rights confirmation","Confirm ownership/license; inspect for logos, screens, serials and customer data","Not required unless composition materially changes reality","Relevant product/service asset but copyright provenance is not evidenced in this target audit"
"src/assets/images/products/tablets/ipad.webp","4983fc5cd3545c4987d014c5525523c220752e9290495ada92a3db5a58e8e720","Product","Real/unknown","not detected","not detected","not detected","1","Requires rights confirmation","Confirm ownership/license; inspect for logos, screens, serials and customer data","Not required unless composition materially changes reality","Relevant product/service asset but copyright provenance is not evidenced in this target audit"
"src/assets/images/products/tablets/samsung-galaxy-tab.webp","4c458603ffc848145ff031f9692d1185261bb1183d348d4175fe95e05503381b","Product","Real/unknown","not detected","not detected","not detected","1","Requires rights confirmation","Confirm ownership/license; inspect for logos, screens, serials and customer data","Not required unless composition materially changes reality","Relevant product/service asset but copyright provenance is not evidenced in this target audit"
"src/assets/images/products/tablets/samsung-tablet-box.webp","c1ec8c63a8c0f6935cf6f970c763b38fbee9ef851dfb4240ffef495183a08920","Product","Real/unknown","not detected","not detected","not detected","1","Requires rights confirmation","Confirm ownership/license; inspect for logos, screens, serials and customer data","Not required unless composition materially changes reality","Relevant product/service asset but copyright provenance is not evidenced in this target audit"
